timestamp,botid,coordinates_long,coordinates_lat,accel_vec_x,accel_vec_y,accel_vec_z,orientation_delta_x,orientation_delta_y,orientation_delta_z
1499099424,6E5,24.670851,59.397489,0.057181648910045624,-0.01967734843492508,-0.9467087984085083,-0.00026718154549598694,-0.0004382142797112465,-0.00017495173960924149
1499099425,6E5,24.670832,59.397487,0.028983401134610176,0.08090858906507492,-0.9789353609085083,0.00031242333352565765,0.0002402113750576973,5.7052820920944214e-05
1499099426,6E5,24.670821,59.397486,-0.059151358902454376,-0.14626425504684448,-0.9429246187210083,3.93204391002655e-05,-7.894262671470642e-05,0.0003776801750063896
1499099427,6E5,24.670806,59.397484,-0.04069375991821289,-0.0692128986120224,-1.1286907196044922,-0.00022307038307189941,0.0014763884246349335,5.406327545642853e-05
1499099428,6E5,24.670783,59.397481,0.0702681764960289,-0.0339345745742321,-0.9620646834373474,-0.00039873551577329636,-0.0002147238701581955,0.0002307044342160225
1499099429,6E5,24.670763,59.397478,-0.0914749950170517,0.0339365191757679,-1.0027140378952026,-3.9735808968544006e-05,-0.0004924386739730835,-0.0006595514714717865
1499099430,6E5,24.670743,59.397475,0.019633982330560684,0.021022066473960876,-1.0970994234085083,4.133488982915878e-05,0.0006902460008859634,3.422889858484268e-05
1499099431,6E5,24.670722,59.397473,-0.009784945286810398,0.059962496161460876,-0.9415818452835083,9.747687727212906e-05,0.0002103084698319435,-4.5768916606903076e-05
1499099432,6E5,24.670706,59.397471,-0.008320106193423271,-0.044773831963539124,-0.9811326265335083,0.0005112122744321823,0.00013474561274051666,0.00020845048129558563
1499099433,6E5,24.670698,59.39747,0.013505474664270878,-0.008493948727846146,-0.9919719099998474,-2.1061860024929047e-05,-1.835450530052185e-05,-1.4926306903362274e-05
1499099438,6E5,24.6707,59.397471,0.021317971870303154,-0.016062308102846146,-1.0220012664794922,-1.959502696990967e-06,-0.00022503267973661423,8.98074358701706e-06
1499099439,6E5,24.6707,59.397471,-0.2443070411682129,-0.07514433562755585,-1.1662882566452026,0.0028948094695806503,0.006197093054652214,-0.0029719630256295204
1499099440,6E5,24.670683,59.397469,0.014726180583238602,-0.19819121062755585,-0.9667033553123474,0.0016290638595819473,-0.007997026666998863,-0.00039742980152368546
1499099441,6E5,24.670665,59.397468,-0.028730889782309532,-0.12226347625255585,-1.3016643524169922,-0.0008166478946805,0.0058426568284630775,0.0031190887093544006
1499099442,6E5,24.670637,59.397463,-0.036884553730487823,-0.05046113580465317,-0.9469529390335083,-3.650505095720291e-05,-0.001701241359114647,-0.0009328154847025871
1499099443,6E5,24.670608,59.397459,-0.043964650481939316,0.05671659857034683,-1.1018601655960083,-3.697536885738373e-05,0.00026676151901483536,-0.0009622117504477501
1499099444,6E5,24.670576,59.397455,0.14841815829277039,0.13972440361976624,-1.1575242280960083,0.006769589148461819,0.009195138700306416,0.0012786304578185081
1499099445,6E5,24.670548,59.397452,-0.0023136604577302933,-0.01283847913146019,-1.0153372287750244,-0.00043846573680639267,-0.0010439418256282806,-2.1653249859809875e-06
1499099446,6E5,24.670521,59.397448,-0.031244317069649696,0.05124843493103981,-0.9554007649421692,0.00023861229419708252,-0.0008119409903883934,-0.0002592615783214569
1499099447,6E5,24.670498,59.397446,0.015874816104769707,-0.02992832288146019,-1.016435980796814,0.00020141340792179108,0.00011026207357645035,8.209887892007828e-05
1499099448,6E5,24.670471,59.397442,0.01919572427868843,-0.07653418183326721,-0.9726376533508301,-0.0005183229222893715,-0.000990239903330803,-0.00020445231348276138
1499099449,6E5,24.670448,59.397439,-0.01278669573366642,0.03699120879173279,-0.9524960517883301,-0.00043304916471242905,-0.0007784981280565262,-0.0009790221229195595
1499099450,6E5,24.670414,59.397436,-0.013152905739843845,0.024051755666732788,-0.9448056221008301,-0.0003794841468334198,0.0003513740375638008,0.00012801866978406906
1499099451,6E5,24.670386,59.397433,0.10076369345188141,-0.08249062299728394,-1.020952582359314,0.0004261620342731476,-0.0005431612953543663,0.00020044110715389252
1499099452,6E5,24.670358,59.39743,-0.00848923809826374,0.011381443589925766,-1.0163137912750244,-0.0006210412830114365,0.0005020368844270706,-3.234855830669403e-05
1499099453,6E5,24.67033,59.397427,0.010309594683349133,-0.08322304487228394,-0.9798148274421692,-0.00019690953195095062,0.0011429162696003914,0.00040054041892290115
1499099454,6E5,24.670302,59.397424,0.0030103763565421104,-0.037177540361881256,-1.0072556734085083,0.0005417773500084877,-0.00031332578510046005,-0.0005338964983820915
1499099455,6E5,24.670269,59.397422,0.020344359800219536,-0.024604298174381256,-1.0105515718460083,0.00020824000239372253,0.0006396537646651268,-0.000753338448703289
1499099456,6E5,24.670252,59.397421,0.05525645986199379,0.009697459638118744,-1.0786668062210083,-6.219744682312012e-05,0.0012273471802473068,-0.000645727850496769
1499099457,6E5,24.670225,59.39742,-0.03156052902340889,-0.07645918428897858,-1.0443400144577026,-3.768317401409149e-05,-4.272628575563431e-05,0.0005521969869732857
1499099458,6E5,24.67021,59.397419,-0.2136894166469574,-0.06901289522647858,-0.9149455428123474,-8.011795580387115e-05,-0.0020693428814411163,-5.9019774198532104e-05
1499099459,6E5,24.670203,59.397419,-0.005559548269957304,-0.020428907126188278,-0.9956340193748474,5.842186510562897e-06,2.092123031616211e-05,-6.540585309267044e-05
1499099482,6E5,24.670204,59.397419,-0.023406824097037315,-0.1375914067029953,-1.0480992794036865,-7.122382521629333e-05,-0.00020899344235658646,0.0003520408645272255
1499099483,6E5,24.670207,59.397419,0.06704727560281754,-0.1781187504529953,-1.0424840450286865,0.00033620186150074005,-0.000384259968996048,0.017102541401982307
1499099484,6E5,24.670206,59.397419,0.06472794711589813,-0.0418882817029953,-1.0186803340911865,0.00014901068061590195,-0.006339937448501587,-1.0058283805847168e-07
1499099485,6E5,24.670203,59.397418,-0.02011091820895672,-0.0085630863904953,-0.9884068965911865,7.715076208114624e-06,8.303672075271606e-05,9.204726666212082e-05
1499099486,6E5,24.670203,59.397418,-0.027068927884101868,-0.0031919926404953003,-0.9952428340911865,-1.058913767337799e-06,2.7892179787158966e-05,1.4835968613624573e-06
1499099487,6E5,24.670203,59.397418,-0.03033982217311859,0.028083007782697678,-1.0024698972702026,-4.51505184173584e-06,-0.0001393500715494156,-0.00031058210879564285
1499099488,6E5,24.670203,59.397418,-0.1260429471731186,0.0025703124701976776,-0.9912394881248474,-0.0008552791550755501,-4.76837158203125e-05,-0.0061652036383748055
1499099489,6E5,24.670199,59.397417,-0.06342087686061859,-0.03698046877980232,-1.0310343503952026,0.00037449412047863007,3.999937325716019e-05,-0.0012175124138593674
1499099490,6E5,24.670186,59.397415,-0.05411853268742561,-0.011564843356609344,-1.0418736934661865,-0.0005044043064117432,0.00059471745043993,-0.0003095315769314766
1499099491,6E5,24.670161,59.397412,0.05562267452478409,0.061066992580890656,-1.0542027950286865,6.972905248403549e-05,0.0005853008478879929,0.0007096994668245316
1499099492,6E5,24.670141,59.397409,0.016560183838009834,0.022614844143390656,-0.9813268184661865,0.0001744236797094345,-0.0003151996061205864,-0.00014742370694875717
1499099493,6E5,24.67013,59.397408,0.0009601986967027187,-0.09735527634620667,-0.8946319222450256,-7.00848177075386e-05,-0.0006621005013585091,-8.817389607429504e-05
1499099494,6E5,24.670113,59.397406,0.005720947403460741,0.06585273146629333,-0.8393340706825256,4.2782165110111237e-05,6.248243153095245e-06,0.00012005120515823364
1499099495,6E5,24.670086,59.397404,-0.15614430606365204,-0.030582811683416367,-0.9714141488075256,0.0005918014794588089,6.277952343225479e-05,0.0015249727293848991
1499099496,6E5,24.670057,59.3974,-0.16368764638900757,-0.07328242063522339,-0.8961938619613647,-7.427297532558441e-05,-0.0009641777724027634,0.0004215165972709656
1499099497,6E5,24.670025,59.397396,-0.10253042727708817,0.06209355592727661,-0.9517358541488647,-0.0005849162116646767,-0.0007348181679844856,-0.00012073758989572525
1499099498,6E5,24.669996,59.397392,-0.04686637222766876,0.07991582155227661,-1.0004419088363647,0.0008579818531870842,0.0005544573068618774,7.883459329605103e-05
1499099499,6E5,24.669969,59.397389,0.04873966798186302,-0.03639218583703041,-1.1490263938903809,-3.719795495271683e-05,0.0010122917592525482,-9.091757237911224e-05
1499099500,6E5,24.669947,59.397386,-0.013027887791395187,0.00877382978796959,-0.9723907113075256,-0.0005163224413990974,0.00035903695970773697,-0.00034216977655887604
1499099501,6E5,24.66992,59.397382,0.017367618158459663,-0.02381894364953041,-0.9771514534950256,0.0006394563242793083,-0.0005661211907863617,7.737893611192703e-05
1499099502,6E5,24.669892,59.397378,-0.022452307865023613,-0.10826659947633743,-0.9785913228988647,-2.0813196897506714e-05,-7.660966366529465e-05,0.00019488390535116196
1499099503,6E5,24.669862,59.397375,-0.06969352811574936,-0.05272460728883743,-1.0926049947738647,-0.0002099769189953804,0.0007556891068816185,-0.00012301281094551086
1499099504,6E5,24.669836,59.397371,0.09095101058483124,0.06360840052366257,-1.0307153463363647,-0.0006112735718488693,-2.538878470659256e-05,-0.0003862939774990082
1499099505,6E5,24.669818,59.397369,-0.11439625918865204,-0.10409121215343475,-1.023244023323059,0.00011241622269153595,-8.115638047456741e-05,-0.0001608254387974739
1499099506,6E5,24.669799,59.397366,-0.010636496357619762,-0.11349062621593475,-1.024464726448059,-0.0004267217591404915,0.00010016094893217087,-7.196422666311264e-05
1499099507,6E5,24.669771,59.397363,-0.028702901676297188,-0.028773825615644455,-1.008717656135559,0.00047349557280540466,0.0006680013611912727,0.0004884283989667892
1499099508,6E5,24.669752,59.39736,0.06712229549884796,-0.021205466240644455,-0.9995624423027039,0.0003602830693125725,-0.0001990748569369316,0.00012202467769384384
1499099509,6E5,24.669738,59.397358,0.07405529916286469,-0.04217655956745148,-1.020167350769043,3.1366944313049316e-06,-0.0003070468083024025,0.00012692250311374664
1499099510,6E5,24.669734,59.397358,0.3520093858242035,-0.011536911129951477,-1.296290397644043,-0.00011591892689466476,0.0026116063818335533,1.4645978808403015e-05
1499099511,6E5,24.669732,59.397358,0.012140646576881409,-0.0220099575817585,-1.0008553266525269,2.9671937227249146e-06,-4.78522852063179e-05,-4.608184099197388e-05
1499099529,6E5,24.669733,59.397359,0.005304710008203983,-0.0229865200817585,-0.9935310482978821,3.832392394542694e-06,-5.1083043217659e-06,-3.3173710107803345e-06
1499099532,6E5,24.669733,59.397359,0.002619158010929823,-0.0228644497692585,-1.0347907543182373,-3.2885000109672546e-05,-0.0004574041813611984,9.62158665060997e-05
1499099533,6E5,24.669733,59.397359,-0.01508101262152195,-0.006995309144258499,-0.8316658139228821,0.0009295400232076645,-0.003375624306499958,-4.041846841573715e-05
1499099534,6E5,24.669718,59.397356,-0.030950158834457397,-0.004675973206758499,-0.8713386654853821,-0.00043990276753902435,0.00013968441635370255,-0.001005370169878006
1499099535,6E5,24.669682,59.39735,0.05095899477601051,-0.0277472622692585,-1.1053475141525269,-0.0007914658635854721,0.0013072006404399872,4.0529295802116394e-05
1499099536,6E5,24.669654,59.397347,0.3609205484390259,0.07750234752893448,-1.050318717956543,-0.00047002919018268585,-0.00046676117926836014,-0.0003033345565199852
1499099537,6E5,24.669639,59.397345,-0.08268298208713531,-0.02979745715856552,-1.013331413269043,-4.00785356760025e-05,3.596581518650055e-05,-0.0003056572750210762
1499099538,6E5,24.669637,59.397345,-0.0018724440596997738,-0.05323495715856552,-1.074610710144043,0.000227292999625206,0.0009901123121380806,0.0009506950154900551
1499099539,6E5,24.669626,59.397343,-0.036809541285037994,-0.07737988233566284,-0.9280292391777039,-0.0002400251105427742,-0.0008167028427124023,0.00037757307291030884
1499099540,6E5,24.669602,59.39734,0.0023750404361635447,-0.14525097608566284,-0.8412372469902039,0.0038439882919192314,0.0036173230037093163,0.004542127251625061
1499099541,6E5,24.669581,59.397337,-0.112248994410038,-0.11986035108566284,-0.9564716219902039,0.00028734374791383743,-0.0003564590588212013,6.616394966840744e-05
1499099542,6E5,24.669552,59.397333,0.03584730625152588,-0.08235976099967957,-0.8699487447738647,-0.00038352981209754944,-0.00038842950016260147,-0.000752713531255722
1499099543,6E5,24.669518,59.397328,0.004841418005526066,0.027625590562820435,-1.1157983541488647,0.00011263508349657059,-0.00029020383954048157,-0.0002563353627920151
1499099544,6E5,24.669491,59.397325,-0.046183954924345016,-0.09578749537467957,-0.9569848775863647,-0.0003188746050000191,-9.705033153295517e-05,6.280094385147095e-05
1499099231,6E5,24.670999,59.399569,0.05052802339196205,-0.09435058385133743,-1.0930790901184082,0.0007556276395916939,0.0014376770704984665,0.00036922283470630646
1499099232,6E5,24.671003,59.399561,-0.019052043557167053,-0.05211425572633743,-0.9982303977012634,-7.7076256275177e-05,0.0014141062274575233,-0.0012583769857883453
1499099233,6E5,24.671007,59.399553,-0.14161063730716705,0.022470705211162567,-1.0006717443466187,0.0004794970154762268,-0.00016952026635408401,-0.0005842866376042366
1499099234,6E5,24.671011,59.399547,-0.08885128796100616,0.3455658257007599,-1.2395883798599243,-0.0014460012316703796,0.0013181250542402267,4.112813621759415e-05
1499099235,6E5,24.671019,59.399531,0.024674123153090477,0.10069277882575989,-1.0826059579849243,0.0008565178140997887,0.00042105186730623245,-0.0004168534651398659
1499099236,6E5,24.671024,59.399523,-0.02720576710999012,0.3587494194507599,-1.1481577157974243,-0.00043096672743558884,0.0018485626205801964,0.0002554655075073242
1499099237,6E5,24.671032,59.399508,0.14921078085899353,0.08284550905227661,-1.6640517711639404,0.0018180469051003456,0.003918938338756561,0.00042669009417295456
1499099238,6E5,24.671043,59.399487,-0.1548663079738617,0.0034998059272766113,-1.1409804821014404,0.0015540458261966705,-0.0032875165343284607,-0.0016207052394747734
1499099239,6E5,24.67105,59.399473,0.0670575499534607,0.04036504030227661,-0.9009903073310852,0.0016750385984778404,0.0017432207241654396,0.00019119028002023697
1499099240,6E5,24.671052,59.399467,-0.0637768805027008,-0.18622246384620667,-1.386610984802246,-0.000708186998963356,0.004550042562186718,-0.0004899837076663971
1499099241,6E5,24.671059,59.399453,-0.04363522678613663,0.0017658211290836334,-0.9253072738647461,-0.0013070357963442802,-0.0001506507396697998,0.00017596594989299774
1499099242,6E5,24.671068,59.399436,-0.18291746079921722,0.11529120802879333,-0.9953756332397461,-0.00029695406556129456,0.00020333658903837204,-0.0010460857301950455
1499099243,6E5,24.671075,59.399422,0.05026187002658844,-0.06522578001022339,-0.7448623776435852,-0.0005566347390413284,-0.004151101224124432,-0.0007580872625112534
1499099244,6E5,24.671082,59.399408,0.0212091077119112,0.0033777356147766113,-0.9810684323310852,-0.00110695231705904,-0.0010455921292304993,-0.00018662121146917343
1499099245,6E5,24.67109,59.399391,-0.49966493248939514,0.10115605592727661,-1.2399795055389404,0.005857857875525951,0.005913575179874897,0.0005925577133893967
1499099246,6E5,24.671095,59.39938,-0.01785341463983059,0.03963261842727661,-1.1752822399139404,0.0006954148411750793,-0.001432177610695362,-0.0006194300949573517
1499099247,6E5,24.671102,59.399365,-0.09973759204149246,-0.15863457322120667,-1.208754539489746,0.00013710837811231613,0.004733218811452389,-0.00016534794121980667
1499099248,6E5,24.671107,59.399352,-0.029058823361992836,-0.07880058884620667,-0.6997213363647461,-0.001015789806842804,-0.0028797946870326996,-0.0011251512914896011
1499099249,6E5,24.671115,59.399337,0.05956418812274933,0.016780469566583633,-0.9871969223022461,-0.00031238049268722534,0.0017217127606272697,0.0012669628486037254
1499099250,6E5,24.67112,59.399321,-0.04893134906888008,0.14077889919281006,-1.2891018390655518,-0.0024566976353526115,-0.001001971773803234,-0.0007463637739419937
1499099251,6E5,24.671126,59.399307,0.19362232089042664,-0.20284903049468994,-1.5843899250030518,0.0018566036596894264,0.002279209904372692,-0.0003051292151212692
1499099252,6E5,24.671131,59.399296,-0.15476618707180023,0.29531991481781006,-0.257241427898407,-0.0029265759512782097,-0.006874863989651203,-0.0011484688147902489
1499099253,6E5,24.671138,59.399281,0.1775340586900711,0.08496777713298798,-1.5172761678695679,-0.00020100083202123642,0.009085445664823055,0.00014280900359153748
1499099254,6E5,24.671145,59.399267,0.10490226745605469,0.12183301150798798,-1.1163972616195679,-0.0013186605647206306,-0.002073126845061779,-9.603612124919891e-05
1499099255,6E5,24.671152,59.399253,-0.023881886154413223,0.07300488650798798,-0.9008210897445679,0.002454698085784912,-0.001002402976155281,0.00048655830323696136
1499099256,6E5,24.67116,59.399236,-0.1188776046037674,0.1874818354845047,-1.017789363861084,0.00028523895889520645,0.0011940225958824158,0.00038228463381528854
1499099257,6E5,24.671167,59.399222,0.07216242700815201,0.1635560542345047,-1.0700355768203735,-0.0009271316230297089,-0.0019050268456339836,-0.0005360152572393417
1499099258,6E5,24.671172,59.39921,0.6578558087348938,-0.0149107426404953,-0.9384437799453735,-0.00036245863884687424,0.0003775106742978096,-0.0002481583505868912
1499099259,6E5,24.671175,59.399203,-0.010260031558573246,0.005083788186311722,-1.0049970149993896,-8.638016879558563e-06,-4.608184099197388e-06,-2.6679597795009613e-05
1499099260,6E5,24.671175,59.399204,-0.06543581187725067,-0.09367109835147858,-1.0307538509368896,-0.0006532846018671989,0.0014175819233059883,-0.0018178550526499748
1499099261,6E5,24.671178,59.399201,-0.007696566637605429,0.022661913186311722,-1.1048505306243896,0.0003688456490635872,0.0014270516112446785,-0.0007328614592552185
1499099262,6E5,24.671183,59.399195,-0.1230279952287674,0.050957225263118744,-0.9897632002830505,0.0012794742360711098,-3.1723640859127045e-05,-0.00016677752137184143
1499099263,6E5,24.671191,59.399185,0.04652765765786171,-0.007392384111881256,-1.0949878692626953,0.0019521275535225868,0.002535599283874035,-8.957553654909134e-05
1499099264,6E5,24.671197,59.399177,0.015521815977990627,-0.010688282549381256,-0.9481372237205505,-0.0005978299304842949,-0.0008156951516866684,-0.0005165962502360344
1499099265,6E5,24.671204,59.39917,-0.002031307201832533,-0.05778242275118828,-0.9647637605667114,1.7345882952213287e-05,0.00010195933282375336,-0.0014536157250404358
1499099266,6E5,24.671207,59.399166,-0.008378968574106693,0.0004451163113117218,-1.0059014558792114,-1.6505829989910126e-05,-3.424845635890961e-05,-1.617148518562317e-05
1499099267,6E5,24.671206,59.399167,-0.04890631511807442,0.07380937039852142,-1.0195733308792114,-0.0005072057247161865,-0.002259165048599243,-0.007510039955377579
1499099268,6E5,24.671206,59.399166,-0.0630914717912674,0.012383006513118744,-1.0243090391159058,0.0009165909141302109,-0.0040917349979281425,-0.00047647394239902496
1499099269,6E5,24.671207,59.399164,-0.026958653703331947,0.015312694013118744,-0.9596118330955505,-0.0003311373293399811,0.0014104675501585007,-0.00018642563372850418
1499099270,6E5,24.671208,59.399163,-0.1299859881401062,0.036186717450618744,-0.9205493330955505,0.00017601437866687775,0.0017467988654971123,0.0009204251691699028
1499099271,6E5,24.671208,59.399162,-0.07100105285644531,-0.048433009535074234,-1.0972100496292114,0.00037694908678531647,0.00022024381905794144,-0.0003000963479280472
1499099272,6E5,24.671213,59.399156,-0.1446094512939453,0.027983006089925766,-1.1457940340042114,-0.0006245085969567299,-0.006636255420744419,0.000721219927072525
1499099273,6E5,24.671215,59.399149,-0.03157232701778412,-0.12619179487228394,-0.9976006746292114,0.0005325628444552422,0.0008725123479962349,-0.0026892712339758873
1499099274,6E5,24.671215,59.399145,0.0006792448693886399,0.0003701150417327881,-0.9562438130378723,0.0001494474709033966,0.0050965528935194016,-0.0017893807962536812
1499099275,6E5,24.671215,59.399141,-0.049491673707962036,0.04333886504173279,-1.1342222690582275,0.0011560190469026566,0.0001268172636628151,2.1618790924549103e-05
1499099276,6E5,24.671215,59.399137,0.07099173963069916,-0.07885351777076721,-1.017401099205017,0.00016139820218086243,-0.0002119326964020729,0.0017558122053742409
1499099277,6E5,24.671215,59.399135,-0.10615728795528412,-0.09157383441925049,-0.9725041389465332,-0.000586572103202343,0.000956609845161438,-6.552599370479584e-05
1499099278,6E5,24.671216,59.399132,-0.1468067169189453,0.02573573961853981,-1.1360783576965332,-1.4705583453178406e-06,9.209476411342621e-05,-0.0002416800707578659
1499099279,6E5,24.671218,59.399126,-0.07844732701778412,0.10703456401824951,-1.0207219123840332,-0.00019779149442911148,0.0005492847412824631,-0.00021892786026000977
1499099280,6E5,24.671222,59.399111,0.12921927869319916,0.08515898138284683,-0.9985300898551941,-6.381887942552567e-05,0.0012856321409344673,-8.170399814844131e-05
1499099281,6E5,24.671225,59.3991,-0.12224556505680084,0.10371366888284683,-0.9819285273551941,-0.0005286764353513718,-0.002867145463824272,0.0021294569596648216
1499099282,6E5,24.671226,59.399097,-0.03984808176755905,-0.16252169013023376,-0.8281199336051941,-0.0001836949959397316,-0.0013577863574028015,-0.0019237929955124855
1499099283,6E5,24.671232,59.399085,0.02047962136566639,0.18340058624744415,-1.1164250373840332,0.0007757432758808136,0.005099049769341946,0.003173723816871643
1499099284,6E5,24.671243,59.399065,-0.034085776656866074,0.047414254397153854,-0.8372502326965332,0.0009613893926143646,0.0009990772232413292,0.00028193648904561996
1499099285,6E5,24.67125,59.399051,0.20212021470069885,0.039601754397153854,-1.4073185920715332,-0.0009155189618468285,0.000908728688955307,-0.0003400007262825966
1499099286,6E5,24.671257,59.399036,0.009346244856715202,0.07851718366146088,-0.8902537226676941,0.0001486707478761673,0.0002129245549440384,0.00016557145863771439
1499099287,6E5,24.671262,59.399025,0.10028858482837677,-0.040135160088539124,-1.2324168682098389,0.0002986956387758255,0.002277999185025692,0.0004120049998164177
1499099288,6E5,24.671268,59.39901,-0.12602972984313965,0.08840487897396088,-0.8912302851676941,-7.973238825798035e-05,0.00011420994997024536,-5.139783024787903e-05
1499099289,6E5,24.671276,59.398994,-0.05154190585017204,0.0632333904504776,-1.4598088264465332,-0.000962444581091404,0.004362981766462326,0.001459077000617981
1499099290,6E5,24.671285,59.398977,0.09933700412511826,0.0810556560754776,-1.4076848030090332,0.0009096767753362656,0.002611616626381874,0.0007415637373924255
1499099291,6E5,24.671288,59.398971,0.08822863548994064,-0.1325673907995224,-1.1902775764465332,-0.001020830124616623,0.0004674578085541725,-0.0009218109771609306
1499099292,6E5,24.671295,59.398957,0.10949388146400452,-0.08168906718492508,-1.1136424541473389,-0.00013125687837600708,0.0003088228404521942,-0.000345056876540184
1499099293,6E5,24.671307,59.398934,0.05041186138987541,0.01462440937757492,-1.0297801494598389,0.0003803037106990814,-0.0002237185835838318,0.00011316966265439987
1499099294,6E5,24.671319,59.398917,0.01696459762752056,0.09409218281507492,-1.0146434307098389,-7.03493133187294e-05,0.0004973066970705986,-2.7971342206001282e-05
1499099295,6E5,24.671321,59.39891,-0.04660904034972191,-0.015796098858118057,-1.099629282951355,-0.00032025668770074844,-5.0366856157779694e-05,8.712150156497955e-05
1499099296,6E5,24.671327,59.398894,-0.00901135616004467,0.05976542457938194,-0.855610728263855,9.64924693107605e-05,-0.001140872947871685,-0.0001028701663017273
1499099297,6E5,24.671334,59.39888,-0.08310803025960922,0.06708964705467224,-0.832051157951355,6.103981286287308e-05,-0.0014597419649362564,-7.882621139287949e-05
1499099298,6E5,24.671338,59.398872,0.038132768124341965,-0.057569146156311035,-1.0175009965896606,0.00012862030416727066,0.0018188096582889557,0.0001311926171183586
1499099299,6E5,24.671344,59.398858,0.004685510415583849,0.008348822593688965,-0.9641562104225159,-0.0005337120965123177,-0.0009369626641273499,-0.00014678668230772018
1499099300,6E5,24.671353,59.398839,-0.05317581444978714,-0.003858208656311035,-0.9327841401100159,-9.20882448554039e-05,-0.001693008467555046,-0.00043512415140867233
1499099301,6E5,24.671361,59.398825,-0.056690845638513565,0.023704681545495987,-0.903950572013855,-0.0005377223715186119,0.0006780922412872314,-0.00021204911172389984
1499099302,6E5,24.671369,59.398808,0.012400945648550987,0.03566757217049599,-0.954487681388855,0.0002504400908946991,-0.0027810456231236458,0.0006029615178704262
1499099303,6E5,24.671376,59.398794,0.0020249432418495417,-0.1376722753047943,-1.170063853263855,0.0003155972808599472,0.001977532170712948,0.0004106573760509491
1499099304,6E5,24.671383,59.398779,0.0472160167992115,-0.11828809231519699,-0.7303915619850159,0.00021641235798597336,-0.0013507343828678131,-0.0006182407960295677
1499099305,6E5,24.671386,59.398774,-0.050196122378110886,0.04894823580980301,-0.9674521088600159,-0.0009350478649139404,-0.004897695034742355,-0.00020849518477916718
1499099306,6E5,24.671397,59.398751,0.0884757712483406,0.014280267059803009,-0.7855673432350159,-0.00204602163285017,0.0013544755056500435,-0.0013340571895241737
1499099307,6E5,24.6714,59.398746,-0.10771623998880386,0.07675527036190033,-0.9660122394561768,0.0006434852257370949,0.0015957094728946686,0.00030357297509908676
1499099308,6E5,24.671406,59.398732,-0.005299266427755356,0.004123430699110031,-1.0940639972686768,-0.00011360645294189453,0.0005558459088206291,-0.00019629672169685364
1499099309,6E5,24.671414,59.398715,0.018626539036631584,0.06222889944911003,-0.8889858722686768,-0.006436954252421856,0.004294771701097488,-9.057857096195221e-05
1499099310,6E5,24.671421,59.398701,-0.13496293127536774,0.03185839205980301,-0.9879599213600159,-0.0003358907997608185,0.0032497281208634377,-0.000440279021859169
1499099311,6E5,24.671428,59.398688,0.03691202029585838,-0.1759052872657776,-1.391036033630371,-0.00034425873309373856,0.004791921004652977,0.0005930401384830475
1499099312,6E5,24.671436,59.398674,-0.09614458680152893,0.1721171736717224,-1.151045799255371,0.00015431363135576248,-0.003099454566836357,0.00039126351475715637
1499099313,6E5,24.671444,59.39866,0.1664036363363266,-0.05141856148838997,-1.2520229816436768,0.00022885762155056,0.002546200528740883,-0.00011834409087896347
1499099314,6E5,24.671453,59.398646,-0.1690455824136734,0.06247304007411003,-1.2399380207061768,-0.0013126935809850693,0.004593417048454285,-0.00048231612890958786
1499099315,6E5,24.671453,59.398632,0.08937728404998779,0.10312245786190033,-1.1157925128936768,-0.0008529359474778175,-0.0009136246517300606,-0.0008795121684670448
1499099316,6E5,24.67147,59.398616,0.0032927216961979866,-0.08452461659908295,-1.023238182067871,0.0026979418471455574,-0.002269953489303589,0.0010045291855931282
1499099317,6E5,24.671478,59.398604,-0.06848457455635071,0.11640311777591705,-0.6551962494850159,-0.0040087224915623665,-0.005052237771451473,-0.00031275488436222076
1499099318,6E5,24.671488,59.398584,0.020016344264149666,-0.007742390036582947,-1.112959861755371,0.00011075381189584732,0.0016491347923874855,0.0004885848611593246
1499099319,6E5,24.671491,59.398579,0.17575307190418243,-0.011135358363389969,-1.0243618488311768,0.0006058821454644203,0.0007276581600308418,0.0001107882708311081
1499099320,6E5,24.671499,59.398565,-0.014310411177575588,0.10702870786190033,-1.0556118488311768,0.0004777032881975174,-6.662681698799133e-06,0.0002846028655767441
1499099321,6E5,24.671509,59.398545,-0.10342172533273697,0.01864979788661003,-0.9574673175811768,-0.0004550451412796974,0.0006342316046357155,-4.372093826532364e-05
1499099322,6E5,24.671515,59.398534,-0.01482368353754282,0.013253703713417053,-0.9433321356773376,0.00015648175030946732,-0.0007834723219275475,-0.0001379242166876793
1499099323,6E5,24.671521,59.398523,0.07709527760744095,0.09491874277591705,-0.7994112372398376,0.0005862060934305191,-0.0013952534645795822,-9.010080248117447e-05
1499099324,6E5,24.671526,59.398507,-0.021049266681075096,0.07880546152591705,-0.9203829169273376,1.4854595065116882e-06,0.00279256422072649,0.0005756272003054619
1499099325,6E5,24.671536,59.398491,0.06315423548221588,-0.024002742022275925,-1.0087867975234985,0.00011431705206632614,-0.00012016482651233673,-0.00041103269904851913
1499099326,6E5,24.671544,59.398475,0.020551707595586777,-0.008011531084775925,-0.9007545709609985,0.00018537882715463638,-0.0010765613988041878,0.00014296267181634903
1499099327,6E5,24.671552,59.398461,-0.0026416589971631765,0.0021203048527240753,-0.9675270318984985,0.000432395376265049,-0.00010672211647033691,0.0006483187898993492
1499099328,6E5,24.671559,59.398446,-0.005424281116575003,0.0003863200545310974,-1.0430636405944824,-0.0004309508949518204,0.001893722452223301,-0.00021228380501270294
1499099329,6E5,24.671567,59.398432,0.008491761051118374,0.0866900309920311,-0.8194307684898376,0.00031115487217903137,-0.0011089611798524857,-7.636286318302155e-05
1499099330,6E5,24.671577,59.398415,-0.05998969078063965,0.0468951091170311,-0.8744844794273376,-4.0401704609394073e-05,-0.0010362695902585983,0.0006804559379816055
1499099331,6E5,24.67158,59.39841,0.22331048548221588,-0.01892578974366188,-0.9829078912734985,-0.00019455980509519577,0.0007152175530791283,-2.4971552193164825e-05
1499099332,6E5,24.671595,59.39839,-0.028276430442929268,-0.04150879755616188,-1.0085426568984985,-7.893051952123642e-05,-0.0012244265526533127,0.0009414684027433395
1499099333,6E5,24.671599,59.398385,-0.033647507429122925,0.10436522960662842,-0.8673073053359985,-0.0003205854445695877,0.0009213387966156006,0.0005892515182495117
1499099334,6E5,24.67161,59.398371,0.08864191919565201,-0.06777891516685486,-1.0680159330368042,-0.00012236740440130234,0.0010481541976332664,0.00013627856969833374
1499099335,6E5,24.671623,59.398356,0.04494074732065201,-0.08914121985435486,-1.0592268705368042,-0.00017875432968139648,-0.00027443375438451767,0.00010862480849027634
1499099336,6E5,24.67163,59.398347,0.041278641670942307,-0.04287657141685486,-1.0176008939743042,-3.62396240234375e-05,-0.0007261615246534348,-3.1776726245880127e-06
1499099337,6E5,24.671635,59.398342,-0.02246706373989582,0.011785928159952164,-1.0163551568984985,-8.937064558267593e-05,-0.002483416348695755,-0.0025352463126182556
1499099338,6E5,24.67164,59.398338,-0.12232057750225067,0.08527225255966187,-1.0198951959609985,0.00023040547966957092,0.0010373303666710854,0.00033481232821941376
1499099339,6E5,24.671643,59.398332,0.012811258435249329,0.022772256284952164,-0.9999977350234985,-1.896452158689499e-05,0.0005368618294596672,-0.000220482237637043
1499099340,6E5,24.671653,59.398319,0.3637884259223938,0.06503358483314514,-0.8775862455368042,-0.00048341602087020874,0.0014415672048926353,-0.00026207976043224335
1499099341,6E5,24.671662,59.398307,-0.07835027575492859,-0.17678770422935486,-1.1527326107025146,0.00046912115067243576,0.0005498500540852547,-0.0002773469313979149
1499099342,6E5,24.671672,59.398293,-0.1945611983537674,0.04892030358314514,-0.9441145062446594,9.56263393163681e-05,0.0005809571593999863,-0.002292221412062645
1499099343,6E5,24.671682,59.398276,-0.06733892858028412,-0.02002442255616188,-1.0298328399658203,-0.0001607229933142662,0.0007153740152716637,-0.002734559588134289
1499099344,6E5,24.671686,59.398268,-0.06404300779104233,0.01842772588133812,-0.7894763946533203,0.00018173642456531525,-0.0021528610959649086,0.00019941572099924088
1499099345,6E5,24.671691,59.398254,-0.06379888951778412,-0.01807129755616188,-1.0305652618408203,0.00017137452960014343,0.0012783315032720566,3.367941826581955e-05
1499099346,6E5,24.671694,59.398242,0.007515185046941042,0.0343218669295311,-0.9341047406196594,0.0002568960189819336,0.0009118672460317612,-0.0005989335477352142
1499099347,6E5,24.671698,59.398225,-0.057548318058252335,-0.0861615315079689,-1.1700665950775146,0.00017160270363092422,0.0006078872829675674,-1.6730278730392456e-05
1499099348,6E5,24.6717,59.39821,0.024849168956279755,-0.0359906330704689,-0.9425275921821594,-0.0003041783347725868,0.0018968889489769936,-0.0018647946417331696
1499099349,6E5,24.671701,59.398196,-0.052884627133607864,0.014449406415224075,-1.0296608209609985,-0.00025824829936027527,-0.0005625337362289429,-0.00019557680934667587
1499099350,6E5,24.671701,59.398181,0.08297964185476303,-0.008621882647275925,-0.9466530084609985,-8.675083518028259e-05,-0.00047591980546712875,3.92179936170578e-06
1499099351,6E5,24.671699,59.398161,-0.061429549008607864,0.030440617352724075,-1.0212379693984985,0.0006158575415611267,0.0006482312455773354,-0.0001605236902832985
1499099352,6E5,24.671699,59.398152,0.03405442461371422,0.0016570240259170532,-1.1609835624694824,-0.0008205948397517204,0.0002815788611769676,0.00015706941485404968
1499099353,6E5,24.671699,59.398137,-0.03467114269733429,-0.0029816478490829468,-0.9966768622398376,0.0002995394170284271,0.000766487792134285,-0.00020321644842624664
1499099354,6E5,24.6717,59.398122,-0.034549079835414886,-0.018972858786582947,-1.0679658651351929,-0.0003701690584421158,0.0014701690524816513,-0.00010615494102239609
1499099355,6E5,24.671699,59.398108,0.012350926175713539,-0.026200007647275925,-1.0471168756484985,0.00014563649892807007,-0.0008992012590169907,0.00022455211728811264
1499099356,6E5,24.671699,59.39809,-0.004128564149141312,-0.037186335772275925,-1.0301491022109985,9.225774556398392e-05,-0.00024584028869867325,-0.00010606274008750916
1499099357,6E5,24.6717,59.398076,-0.07944593578577042,0.048629093915224075,-0.9530006647109985,0.0002782754600048065,0.0006484752520918846,-0.00011713709682226181
1499099358,6E5,24.671699,59.398061,-0.06257522851228714,-0.011210359632968903,-0.9362520575523376,-0.0003778170794248581,-0.0006050234660506248,9.481795132160187e-05
1499099359,6E5,24.671698,59.398047,0.0023661574814468622,0.1262408196926117,-1.1067843437194824,0.00046492647379636765,0.00015864800661802292,5.477108061313629e-06
1499099360,6E5,24.671698,59.398035,-0.05097854882478714,0.009175382554531097,-0.9281954169273376,0.00013880152255296707,-0.00019049551337957382,0.00016477517783641815
1499099361,6E5,24.671698,59.398021,-0.009937919676303864,-0.01501953974366188,-0.9365932941436768,-0.0007690172642469406,0.000806695781648159,0.0002042902633547783
1499099362,6E5,24.671697,59.398007,0.6415513157844543,-0.04358399286866188,-1.0425504446029663,0.00035833846777677536,4.115235060453415e-05,-0.001445823349058628
1499099363,6E5,24.671698,59.397998,0.01362164318561554,0.0056103430688381195,-1.0022671222686768,-1.9931234419345856e-05,3.1422823667526245e-06,-1.072324812412262e-05
1499099364,6E5,24.671699,59.397999,-0.05293167755007744,0.010590225458145142,-0.9811239838600159,1.2423843145370483e-06,0.0017969980835914612,0.0007408950477838516
1499099365,6E5,24.671698,59.397997,-0.03315629065036774,-0.004912704229354858,-0.9995566010475159,0.00013130251318216324,-0.0004261992871761322,-0.0001773657277226448
1499099366,6E5,24.671697,59.397991,-0.11323442310094833,-0.05483946204185486,-1.085127830505371,0.00016105454415082932,0.0002748984843492508,0.0002351393923163414
1499099367,6E5,24.671698,59.39798,0.09003765136003494,0.09625858068466187,-1.0628139972686768,5.223602056503296e-05,0.0018904944881796837,0.00010604690760374069
1499099368,6E5,24.671699,59.397967,0.01276715099811554,0.10211795568466187,-0.9970180988311768,0.00023524928838014603,-0.0002075880765914917,-0.00025626830756664276
1499099369,6E5,24.6717,59.397956,0.04169780761003494,0.015692178159952164,-1.0578091144561768,-6.943754851818085e-05,-0.00014466047286987305,-1.641456037759781e-05
1499099370,6E5,24.6717,59.397949,0.05046187341213226,0.008465029299259186,-1.0138888359069824,-3.925058990716934e-05,0.00020712148398160934,0.00017245113849639893
1499099371,6E5,24.6717,59.397947,0.021897420287132263,-0.015460751950740814,-1.0033907890319824,-1.0011717677116394e-06,0.00012186076492071152,-0.0004526562988758087
1499099372,6E5,24.6717,59.397947,0.04289351403713226,0.032879091799259186,-1.0043673515319824,-1.0387971997261047e-05,-0.0014157826080918312,-0.00031456537544727325
1499099373,6E5,24.6717,59.397947,-0.11802015453577042,0.04005623981356621,-0.9307339191436768,-0.000329410657286644,0.002169162966310978,0.0004230812191963196
1499099374,6E5,24.671699,59.397943,0.03920641168951988,0.1572437435388565,-0.9121792316436768,0.00015222560614347458,-0.00026232749223709106,-0.0002696765586733818
1499099375,6E5,24.671699,59.397936,-0.05198010802268982,-0.025129307061433792,-0.8886196613311768,-0.0008182646706700325,-0.0005915220826864243,-0.00040049757808446884
1499099376,6E5,24.671699,59.397925,0.02873336151242256,-0.02698536217212677,-0.9760469794273376,0.0004883976653218269,0.0007805367931723595,-0.000427907332777977
1499099377,6E5,24.671698,59.397912,-0.23530472815036774,-0.06055469810962677,-0.9427217245101929,0.00017534755170345306,0.0017006220296025276,-0.0008816737681627274
1499099378,6E5,24.671696,59.397901,-0.12641799449920654,0.06090526282787323,-0.8942598700523376,-9.893998503684998e-05,0.0010568061843514442,0.0008851904422044754
1499099379,6E5,24.671689,59.397888,0.12202006578445435,-0.09451524913311005,-1.1346412897109985,0.0016003819182515144,0.0025261137634515762,-0.0002289367839694023
1499099380,6E5,24.671685,59.397878,-0.08989397436380386,0.13290174305438995,-0.9317604303359985,-0.00011730194091796875,0.0002066800370812416,0.0013130661100149155
1499099381,6E5,24.671675,59.397863,0.01362165529280901,-0.08963243663311005,-0.8967262506484985,-0.0007279766723513603,0.0002774065360426903,0.00033816322684288025
1499099382,6E5,24.671665,59.39785,0.17978434264659882,-0.06861133873462677,-1.0175509452819824,0.0004737339913845062,-0.001345963217318058,-0.003139984793961048
1499099383,6E5,24.671654,59.397836,-0.05446859076619148,-0.02930469810962677,-1.0247529745101929,-0.00043613649904727936,-3.1055882573127747e-05,-0.0006561595946550369
1499099384,6E5,24.671642,59.397823,0.05600505322217941,-0.05945606529712677,-0.9456514716148376,-0.0003058137372136116,0.0007783956825733185,-0.0004299245774745941
1499099385,6E5,24.671629,59.39781,-0.09191916882991791,0.007707607001066208,-0.9844948053359985,0.00026755593717098236,-0.0015759188681840897,0.000731172040104866
1499099386,6E5,24.671617,59.397797,0.06616189330816269,-0.028547275811433792,-0.9555641412734985,-0.00019226036965847015,0.0010242564603686333,0.000868896022439003
1499099387,6E5,24.671605,59.397784,0.008544704876840115,-0.1141185611486435,-0.9423805475234985,0.00015487615019083023,0.0005575055256485939,-0.00030381418764591217
1499099388,6E5,24.671595,59.39777,0.08974647521972656,-0.07612969726324081,-0.8747785687446594,-2.2163614630699158e-05,-0.0009599989280104637,-0.0006003556773066521
1499099389,6E5,24.671584,59.397757,0.18337439000606537,0.08488104492425919,-0.9950178265571594,-0.00020304881036281586,0.0007783379405736923,-0.00023477990180253983
1499099390,6E5,24.671576,59.397746,-0.10056115686893463,-0.1255681812763214,-0.9836652874946594,-0.0002410607412457466,-0.0011433633044362068,-0.0005844021216034889
1499099391,6E5,24.671569,59.397736,-0.002075411844998598,-0.042657431215047836,-0.9410877227783203,-0.0004703924059867859,0.0010021161288022995,-0.00014514103531837463
1499099392,6E5,24.671558,59.397724,-0.09338400512933731,-0.13652950525283813,-0.9233875274658203,0.00022086035460233688,-0.0013118656352162361,0.00022154208272695541
1499099393,6E5,24.671547,59.39771,0.0573728010058403,0.051702920347452164,-1.1930408477783203,0.0005513718351721764,0.0005879336968064308,-0.0002780938521027565
1499099394,6E5,24.67154,59.397702,-0.07126428186893463,0.09164491295814514,-0.9729230999946594,-0.0005731098353862762,-0.0004872893914580345,-0.0003637252375483513
1499099395,6E5,24.671528,59.397688,-0.09567832201719284,0.10385194420814514,-0.8311994671821594,0.0006894543766975403,0.0012256987392902374,0.0006785374134778976
1499099396,6E5,24.671511,59.39767,0.09121131151914597,0.09957948327064514,-0.9343488812446594,0.00022718310356140137,0.0010815178975462914,-0.00013508740812540054
1499099397,6E5,24.671498,59.397657,0.06755467504262924,-0.13452637195587158,-0.9564685821533203,0.0008753444999456406,0.002864493988454342,-0.00011664163321256638
1499099398,6E5,24.671487,59.397648,-0.25312405824661255,-0.04431641474366188,-0.9658679962158203,-0.0013993754982948303,-0.002870893105864525,0.0004229387268424034
1499099399,6E5,24.671473,59.397639,0.04668064042925835,-0.09277832508087158,-1.0200672149658203,-3.851577639579773e-05,-0.00045641977339982986,-0.0008941292762756348
1499099400,6E5,24.671455,59.397629,-0.14304162561893463,-0.1957806646823883,-0.9752732515335083,-9.677372872829437e-05,-0.0011135255917906761,-0.001262386329472065
1499099401,6E5,24.671437,59.397621,-0.01376916840672493,-0.1464642584323883,-1.0345994234085083,-0.0007747327908873558,0.0007073767483234406,-0.001119270920753479
1499099402,6E5,24.671413,59.397612,-0.04501917585730553,-0.007548250257968903,-1.1086961030960083,0.00041853636503219604,0.0006261765956878662,-0.0003169914707541466
1499099403,6E5,24.671391,59.397603,0.020801732316613197,0.059737492352724075,-1.047930121421814,-0.0006696078926324844,8.032657206058502e-06,-0.00031909625977277756
1499099404,6E5,24.671367,59.397595,0.04314060136675835,0.07206659018993378,-1.035723090171814,-0.0004784362390637398,0.0001786826178431511,0.0002467092126607895
1499099405,6E5,24.671353,59.39759,-0.062450215220451355,0.031417179852724075,-1.0124075412750244,0.0001686224713921547,0.0010378938168287277,0.00014292262494564056
1499099406,6E5,24.671325,59.39758,-0.06401212513446808,-0.017508015036582947,-1.01340913772583,-2.6843510568141937e-05,8.405931293964386e-05,-0.0008559469133615494
1499099407,6E5,24.671301,59.397573,-0.08012541383504868,-0.030691608786582947,-1.06614351272583,-0.0002005305141210556,-0.0005271071568131447,-0.00046067871153354645
1499099408,6E5,24.671276,59.397566,0.05952301248908043,-0.10039375722408295,-1.14805269241333,0.0006253309547901154,0.0011142445728182793,-0.0007864953950047493
1499099409,6E5,24.67125,59.397559,-0.037497878074645996,-0.02151133492588997,-1.1250064373016357,-0.00028839148581027985,0.0009180158376693726,-0.00027531199157238007
1499099410,6E5,24.671225,59.397552,0.008644722402095795,-0.08266855776309967,-0.938116729259491,-8.690916001796722e-05,-0.0013662688434123993,-0.00012337323278188705
1499099411,6E5,24.671199,59.397546,0.03452363610267639,-0.03091074898838997,-0.878302276134491,-2.1848827600479126e-05,-0.0007055466994643211,0.00028745830059051514
1499099412,6E5,24.671169,59.397538,-0.08141817152500153,-0.03235059231519699,-1.00449800491333,0.00036717671900987625,0.0003951285034418106,-0.0021467143669724464
1499099413,6E5,24.671154,59.397534,0.015993934124708176,0.04467577487230301,-1.02537202835083,0.0003702724352478981,0.0006196154281497002,-0.0004953201860189438
1499099414,6E5,24.671127,59.397529,-0.04772675409913063,-0.06469922512769699,-0.8975644111633301,-0.0005351100116968155,-0.00024142954498529434,-0.00020434241741895676
1499099415,6E5,24.671095,59.397523,0.030911529436707497,-0.07224258780479431,-0.914313018321991,6.167404353618622e-05,0.00033588334918022156,-0.0006979089230298996
1499099416,6E5,24.671067,59.397518,0.034207407385110855,-0.03879531845450401,-1.0991275310516357,0.000333419069647789,0.0008425060659646988,0.00020087044686079025
1499099417,6E5,24.67104,59.397514,-0.0264615286141634,-0.010352935642004013,-1.0102602243423462,-9.273458272218704e-05,-0.0005116071552038193,-7.231533527374268e-05
1499099418,6E5,24.671012,59.39751,0.02898341976106167,0.010301947593688965,-0.8331112861633301,-0.0003664204850792885,-0.001111113466322422,-0.0012045064941048622
1499099419,6E5,24.670985,59.397506,-0.009712896309792995,-0.023511528968811035,-1.05222749710083,0.00023367442190647125,0.0005287621170282364,0.00013633351773023605
1499099420,6E5,24.670957,59.397503,-0.037789057940244675,-0.11591875553131104,-0.9741024971008301,-0.000324983149766922,0.0006067045032978058,1.0328367352485657e-06
1499099421,6E5,24.670929,59.397499,-0.0333695225417614,0.04999979957938194,-0.9673636555671692,-0.00011070072650909424,0.0005665458738803864,0.00013944413512945175
1499099422,6E5,24.670896,59.397495,0.05098104849457741,0.013744916766881943,-1.082598090171814,-4.361569881439209e-05,0.0006215786561369896,0.00037155114114284515
1499099423,6E5,24.670876,59.397493,-0.0442337840795517,0.04243144020438194,-0.9942191243171692,-0.00037193670868873596,-0.000277017243206501,-0.0004325155168771744
1499098635,6E5,24.670295,59.401007,-0.039793841540813446,-0.05072145164012909,-0.9243662357330322,-0.0003023780882358551,0.0007669813930988312,0.0003177821636199951
1499098636,6E5,24.670299,59.400998,0.018433671444654465,0.1491076499223709,-1.1577646732330322,0.00022072810679674149,0.0012092003598809242,-0.0002840673550963402
1499098637,6E5,24.670305,59.400984,0.14980636537075043,0.10018245875835419,-0.9159683585166931,2.7674250304698944e-05,-0.006561723537743092,-0.0007280809804797173
1499098638,6E5,24.670311,59.40097,-0.026463167741894722,-0.009070474654436111,-0.8930191397666931,-0.000446343794465065,3.115180879831314e-05,0.0002028467133641243
1499098639,6E5,24.670317,59.400955,0.03908855840563774,-0.04581363871693611,-1.168043613433838,9.92119312286377e-05,0.002154124900698662,-0.0002492917701601982
1499098640,6E5,24.670324,59.400938,-0.009470394812524319,0.030261166393756866,-0.9263193607330322,0.00011518411338329315,-0.0013732826337218285,-7.88029283285141e-05
1499098641,6E5,24.670333,59.400921,0.017385082319378853,0.041369564831256866,-0.8618662357330322,9.228847920894623e-05,0.0005209716036915779,0.00052614975720644
1499098642,6E5,24.670337,59.400912,-0.04853290691971779,-0.09302984923124313,-1.0194590091705322,0.0006378656253218651,5.108211189508438e-05,-8.936505764722824e-05
1499098643,6E5,24.670343,59.400898,-0.00798055436462164,-0.17906442284584045,-0.9887222647666931,0.0003467882052063942,-0.001491607166826725,0.00028628669679164886
1499098644,6E5,24.670349,59.400884,-0.11686727404594421,-0.09398141503334045,-1.0132583379745483,-0.0008504223078489304,-0.0002200976014137268,0.0001588929444551468
1499098645,6E5,24.670356,59.40087,-0.004684662912040949,0.044934604316949844,-1.050734043121338,0.0008500898256897926,-0.0009215576574206352,0.00040829088538885117
1499098646,6E5,24.670363,59.400853,0.013406758196651936,-0.09835094213485718,-0.9639170169830322,-0.00016748160123825073,9.411480277776718e-05,1.2645497918128967e-05
1499098647,6E5,24.67037,59.400838,0.3456820249557495,-0.030479848384857178,-2.0641367435455322,-0.0036948788911104202,0.00547134131193161,-0.0008468357846140862
1499098648,6E5,24.670377,59.400824,-0.11647605895996094,-0.11849254369735718,-1.0159189701080322,0.001107674092054367,-0.0010794177651405334,0.00012039858847856522
1499098649,6E5,24.670384,59.40081,0.052128031849861145,-0.0325300432741642,-1.112135410308838,0.00037815794348716736,0.0019102152436971664,0.0003566257655620575
1499098650,6E5,24.670388,59.400802,-0.018062381073832512,0.0142228864133358,-0.9768814444541931,-0.0008965302258729935,-0.0010542673990130424,-0.00031548645347356796
1499098651,6E5,24.670398,59.400779,-0.08239345252513885,0.0132463239133358,-1.0950454473495483,0.0007910281419754028,-0.00024535227566957474,0.00030393246561288834
1499098652,6E5,24.670403,59.400767,-0.01852567307651043,0.09151839464902878,-1.109840989112854,0.0004002954810857773,0.0017242319881916046,0.0006063897162675858
1499098653,6E5,24.67041,59.400753,-0.1705031841993332,-0.15372085571289062,-0.916115403175354,-0.0004866160452365875,-0.00025297142565250397,3.095250576734543e-05
1499098654,6E5,24.670417,59.400739,-0.023774659261107445,0.12508773803710938,-0.791847825050354,-2.6199035346508026e-05,-0.00046879518777132034,-1.5614554286003113e-05
1499098655,6E5,24.670426,59.400722,-0.044257476925849915,0.016836363822221756,-0.8671402335166931,-6.399769335985184e-05,0.00032051932066679,0.00037546735256910324
1499098656,6E5,24.670433,59.400708,-0.025214528664946556,-0.045663636177778244,-1.0479263067245483,-0.00033183395862579346,0.000983365811407566,-0.0006849560886621475
1499098657,6E5,24.670437,59.4007,-0.008490880019962788,0.10118694603443146,-0.9148697257041931,-0.00018673110753297806,-0.00029836129397153854,-0.00041923392564058304
1499098658,6E5,24.670446,59.40068,0.06672944128513336,-0.048690393567085266,-0.869728684425354,0.00019191578030586243,-0.0006349561735987663,0.00020347628742456436
1499098659,6E5,24.67045,59.400671,-0.03397856280207634,0.019913122057914734,-0.833107590675354,-0.0008123256266117096,-0.000808260403573513,-0.0004546539857983589
1499098660,6E5,24.670457,59.400657,-0.07279694080352783,0.039688512682914734,-0.972389817237854,0.00015975255519151688,-0.0003156568855047226,0.00017266906797885895
1499098661,6E5,24.670465,59.40064,-0.043841276317834854,-0.06258140504360199,-1.0204604864120483,0.0007288837805390358,0.0004178164526820183,0.000851484015583992
1499098662,6E5,24.670474,59.400623,-0.008318810723721981,-0.030843127518892288,-0.9921402335166931,-0.0003529246896505356,-0.0004556691274046898,-0.00020524580031633377
1499098663,6E5,24.670476,59.400617,0.008160683326423168,-0.0017903931438922882,-0.9746841788291931,-0.0007497034966945648,-0.0004437565803527832,-0.0004067355766892433
1499098664,6E5,24.670483,59.400603,0.02674037776887417,-0.01348414272069931,-0.957985520362854,0.0001431116834282875,-0.00042632780969142914,0.00029360782355070114
1499098665,6E5,24.670491,59.400586,0.00513392873108387,-0.05987086147069931,-0.985207200050354,6.440654397010803e-05,-0.0018180403858423233,-0.0005849702283740044
1499098666,6E5,24.670499,59.400572,0.022834118455648422,0.07367406040430069,-1.024391770362854,-0.00028167571872472763,-0.00031332485377788544,0.0001377081498503685
1499098667,6E5,24.670506,59.400557,-0.1573166400194168,-0.028473790735006332,-0.9293960928916931,-0.0006600208580493927,-0.0004964107647538185,-0.000336548313498497
1499098668,6E5,24.670513,59.400543,0.083772212266922,-0.07241910696029663,-0.9955582022666931,0.00039490964263677597,-0.0015266304835677147,0.0004321392625570297
1499098669,6E5,24.67052,59.400529,-0.016203373670578003,-0.09536832571029663,-1.0003188848495483,-0.00075493473559618,0.0005334150046110153,-4.9443915486335754e-06
1499098670,6E5,24.670528,59.400515,-0.005558239296078682,-0.047247618436813354,-0.890480637550354,0.000189146026968956,-0.00021669641137123108,0.0004726080223917961
1499098671,6E5,24.670535,59.400501,-0.02496742270886898,0.022210389375686646,-0.921242356300354,0.0007195649668574333,-0.0018283724784851074,0.0002396339550614357
1499098672,6E5,24.670541,59.400487,0.00896811205893755,-0.049078673124313354,-1.021828293800354,-0.00027830619364976883,1.3156794011592865e-05,5.1822513341903687e-05
1499098673,6E5,24.670549,59.400472,0.017660124227404594,0.022723671048879623,-0.8869156241416931,-0.0012778416275978088,-0.0001402292400598526,0.0003768019378185272
1499098674,6E5,24.670558,59.400455,0.04048726707696915,0.08693265914916992,-0.9262222647666931,0.00025554094463586807,-0.0020215483382344246,0.00016393885016441345
1499098675,6E5,24.670563,59.400445,-0.0287266094237566,-0.09336519241333008,-1.0098403692245483,-0.00011909473687410355,0.0007570143789052963,0.00018966663628816605
1499098676,6E5,24.670573,59.400428,0.014999564737081528,-0.1466849148273468,-1.0300791263580322,-0.0009624166414141655,0.0030046598985791206,0.0003026612102985382
1499098677,6E5,24.670579,59.400418,-0.009536566212773323,0.0449654683470726,-1.0153086185455322,0.0006108926609158516,-0.0011045550927519798,-0.00010232534259557724
1499098678,6E5,24.670586,59.400402,-0.09681683033704758,-0.006426133215427399,-0.9315683841705322,-0.0007784506306052208,-0.0005443301051855087,-0.00010552071034908295
1499098679,6E5,24.670592,59.400388,-0.002431487664580345,-0.006401132792234421,-1.046949863433838,0.0008007409051060677,0.0011776434257626534,-0.0001963004469871521
1499098680,6E5,24.6706,59.400371,0.008554844185709953,0.08100120723247528,-1.016188144683838,0.0005360357463359833,-0.0005039824172854424,-0.00013116933405399323
1499098681,6E5,24.670607,59.400357,0.054331205785274506,0.04145042970776558,-1.068922519683838,-5.167163908481598e-05,0.0009706541895866394,3.9579346776008606e-05
1499098682,6E5,24.670614,59.400342,-0.09798748791217804,-0.020780429244041443,-0.646095871925354,-0.0004606274887919426,-0.0008957311511039734,0.00017287954688072205
1499098683,6E5,24.670619,59.400334,-0.04732833430171013,0.006807461380958557,-0.837990403175354,0.00035937875509262085,-0.0012276871129870415,-7.284898310899734e-05
1499098684,6E5,24.670627,59.400317,0.07999098300933838,-0.015409335494041443,-0.992165207862854,-0.0007367953658103943,-0.0001269085332751274,-2.4839304387569427e-05
1499098685,6E5,24.670634,59.400303,-0.10113633424043655,-0.016849178820848465,-0.8199489712715149,0.00027546845376491547,-0.0015274621546268463,-3.913789987564087e-05
1499098686,6E5,24.670641,59.400289,0.03399547562003136,-0.007083553820848465,-1.0427273511886597,-0.00014911778271198273,0.0001392541453242302,0.00019392091780900955
1499098687,6E5,24.670648,59.400275,-0.09942739456892014,-0.07825054228305817,-1.1580836772918701,-0.0003048209473490715,-0.0001271357759833336,-0.00039336178451776505
1499098688,6E5,24.670656,59.40026,-0.11637014895677567,0.017355509102344513,-1.087990403175354,0.0002812230959534645,-0.0006322050467133522,-5.439482629299164e-05
1499098689,6E5,24.670664,59.400243,0.010216774418950081,-0.06199019402265549,-0.983132004737854,-0.00028189364820718765,3.363844007253647e-05,-0.0002198386937379837
1499098690,6E5,24.670671,59.400229,-0.05948537960648537,-0.09018843621015549,-1.041481614112854,-0.0006249444559216499,0.0009954292327165604,-0.0005450677126646042
1499098691,6E5,24.670678,59.400215,-0.012585361488163471,0.04765394702553749,-0.9116237759590149,5.822908133268356e-05,-0.0007729334756731987,-0.00010194908827543259
1499098692,6E5,24.670685,59.400198,-0.07862541079521179,-0.07783433794975281,-0.9769313931465149,0.00010598264634609222,-0.0007325410842895508,-0.00029783137142658234
1499098693,6E5,24.67069,59.400189,-0.020397856831550598,-0.06745836138725281,-0.8784206509590149,0.0005714427679777145,-0.00024533551186323166,-2.4271197617053986e-05
1499098694,6E5,24.670696,59.400174,-0.006212711334228516,-0.04643726348876953,-0.9980745315551758,0.00020926259458065033,-0.00048159901052713394,0.0002768542617559433
1499098695,6E5,24.670704,59.400157,-0.0048699574545025826,0.12824535369873047,-1.1653108596801758,9.534414857625961e-05,0.0034376513212919235,0.0004775542765855789
1499098696,6E5,24.670712,59.40014,-0.031237123534083366,0.03266429901123047,-0.9846467971801758,-0.00015919655561447144,0.0014924146234989166,-0.0005427151918411255
1499098697,6E5,24.670718,59.400126,0.06497929245233536,-0.018580231815576553,-0.9321315884590149,-0.0001575760543346405,-0.00040868204087018967,-0.00030605122447013855
1499098698,6E5,24.670722,59.400115,-0.0072863344103097916,0.027074065059423447,-0.9521511197090149,0.000473962165415287,0.0002596098929643631,0.00020476244390010834
1499098699,6E5,24.670729,59.4001,-0.16048459708690643,0.026951994746923447,-1.1674830913543701,0.0003504771739244461,0.0005009081214666367,0.0006077047437429428
1499098700,6E5,24.670733,59.40009,0.07806581258773804,-0.254639208316803,-1.0073518753051758,-0.0004137028008699417,-0.0006294790655374527,-0.00031718332320451736
1499098701,6E5,24.670741,59.400073,0.04815858602523804,-0.061157770454883575,-0.9879426956176758,-0.0002826713025569916,-2.4341046810150146e-05,3.651343286037445e-05
1499098702,6E5,24.670749,59.400061,0.008363665081560612,0.0072016045451164246,-0.9883089065551758,5.029141902923584e-06,0.00033240485936403275,0.00032702647149562836
1499098703,6E5,24.670752,59.400053,-0.19319942593574524,-0.0591796450316906,-1.0024440288543701,-1.9893981516361237e-05,-0.00041101500391960144,-0.0010051606222987175
1499098704,6E5,24.670754,59.400048,-0.01778438128530979,0.0375000424683094,-0.9608181118965149,-0.00044955313205718994,-0.00019583478569984436,-0.00041732750833034515
1499098705,6E5,24.670757,59.400037,0.00028204385307617486,0.00026859715580940247,-0.7946804165840149,0.00018888898193836212,-0.000991261564195156,0.00010550115257501602
1499098706,6E5,24.670762,59.400021,0.08648866415023804,-0.06940855085849762,-1.018166184425354,-0.00010750163346529007,-0.0008581122383475304,-0.0004938403144478798
1499098707,6E5,24.670766,59.40001,0.011293353512883186,-0.05427183210849762,-0.987648606300354,-0.0002429373562335968,-0.00010421313345432281,-8.595921099185944e-05
1499098708,6E5,24.670768,59.400002,-0.048154883086681366,0.04472719132900238,-0.946144700050354,0.00019623525440692902,0.00033257342875003815,0.0005151573568582535
1499098709,6E5,24.670769,59.399998,0.02371951751410961,-0.0010741762816905975,-1.009718418121338,7.120519876480103e-05,0.00019206851720809937,-0.0006748195737600327
1499098710,6E5,24.670768,59.399999,-0.01595333032310009,-0.0007079653441905975,-0.9883560538291931,-5.702488124370575e-06,-8.996576070785522e-06,1.2480653822422028e-05
1499098713,6E5,24.670768,59.4,-0.03814512863755226,-0.0019536688923835754,-1.037697434425354,8.296221494674683e-06,-9.50247049331665e-05,2.664513885974884e-06
1499098714,6E5,24.670768,59.399999,-0.03997617959976196,-0.018433161079883575,-0.994728684425354,0.0002737632021307945,0.0006761485710740089,-0.00031296256929636
1499098715,6E5,24.670769,59.399996,-0.13372619450092316,-0.047119684517383575,-1.089821457862854,-4.236120730638504e-05,-0.000459437258541584,-0.0001586657017469406
1499098716,6E5,24.670771,59.399989,-0.11504941433668137,0.018065862357616425,-0.956398606300354,-0.0008874405175447464,0.00020659901201725006,0.0016191089525818825
1499098717,6E5,24.670777,59.399976,0.02447696030139923,-0.0021978095173835754,-0.875710129737854,-0.00015731528401374817,-0.000474405474960804,0.000548320822417736
1499098718,6E5,24.67078,59.399969,0.012661132961511612,0.03842660412192345,-0.9666774868965149,-0.0003617992624640465,-5.2794814109802246e-05,-0.0008892212063074112
1499098719,6E5,24.670785,59.399959,0.03255859389901161,-0.010767731815576553,-0.9638698697090149,0.00028414279222488403,6.597768515348434e-05,-0.0003329850733280182
1499098720,6E5,24.670788,59.399952,-0.05057130008935928,-0.03957632556557655,-1.0726344585418701,0.00018270686268806458,0.0014074798673391342,0.00029648374766111374
1499098721,6E5,24.670789,59.399949,-0.06695371866226196,0.02497386932373047,-0.977394700050354,-7.88271427154541e-05,0.0006256522610783577,0.00030499324202537537
1499098722,6E5,24.670789,59.399949,0.003847061423584819,0.012766838073730469,-1.009987473487854,-4.034489393234253e-06,1.8130987882614136e-05,-1.99880450963974e-05
1499098723,6E5,24.670789,59.399949,-0.013853131793439388,0.009593009948730469,-0.994484543800354,-6.400048732757568e-06,-9.587965905666351e-06,-3.264285624027252e-05
1499098747,6E5,24.670787,59.399952,-0.0032580222468823195,0.02116468921303749,-1.022169589996338,-2.3984350264072418e-05,-0.00040408968925476074,0.0001065284013748169
1499098748,6E5,24.670787,59.399952,0.013221475295722485,0.05583265796303749,-0.9748062491416931,1.4701858162879944e-05,-0.00015170685946941376,-0.012942622415721416
1499098749,6E5,24.670787,59.39995,-0.15047480165958405,-0.03877183422446251,-0.8905777335166931,0.0005259383469820023,-0.0006615845486521721,0.0074299294501543045
1499098750,6E5,24.670792,59.399936,0.15994985401630402,-0.8316184878349304,-2.064161777496338,-0.0027202488854527473,-0.00944029912352562,0.002964511513710022
1499098751,6E5,24.670801,59.399921,-0.009946873411536217,0.04828929901123047,-0.919655442237854,0.00016648322343826294,-0.0006585046648979187,-0.0002698320895433426
1499098752,6E5,24.67081,59.399907,0.19806091487407684,0.07526683807373047,-1.149757981300354,0.0009890077635645866,0.0027680005878210068,-1.3671815395355225e-05
1499098753,6E5,24.670817,59.399893,0.11236756294965744,0.03547191619873047,-1.073708176612854,7.42003321647644e-05,0.002080436795949936,0.00010650511831045151
1499098754,6E5,24.670823,59.399882,-0.08267577737569809,-0.1920921504497528,-0.9561294913291931,0.0003136126324534416,0.00209079310297966,0.0005278084427118301
1499098755,6E5,24.670831,59.399868,-0.09280762076377869,0.08720472455024719,-0.9901871085166931,-0.0006163772195577621,-0.0005215434357523918,-0.000599580816924572
1499098515,6E5,24.669564,59.402525,-0.01063674595206976,0.0775509923696518,-0.995094895362854,0.00022362545132637024,-0.0003711013123393059,-0.0002740491181612015
1499098516,6E5,24.669571,59.402511,-0.09044571220874786,-0.05511443689465523,-0.8775162100791931,7.615797221660614e-05,-0.0007177861407399178,-0.00030029937624931335
1499098517,6E5,24.669578,59.402497,-0.02281877025961876,0.03131134435534477,-0.9621109366416931,0.00043991487473249435,-0.0010121464729309082,-8.474010974168777e-05
1499098518,6E5,24.669584,59.402483,-0.043692804872989655,-0.11358611285686493,-1.0536636114120483,-8.952245116233826e-05,-0.0006025750190019608,0.0002578645944595337
1499098519,6E5,24.669602,59.402514,0.03531168773770332,-0.05240388959646225,-1.107521653175354,0.00014862138777971268,-0.0008841343224048615,-9.834300726652145e-05
1499098520,6E5,24.669589,59.402498,0.020541179925203323,0.05538419634103775,-1.095802903175354,0.00017820578068494797,0.0010927477851510048,0.0001588631421327591
1499098521,6E5,24.669597,59.40247,0.0028410041704773903,-0.01627107709646225,-0.929543137550354,3.4294091165065765e-05,0.0004497077316045761,0.00018735788762569427
1499098522,6E5,24.669606,59.402423,-0.037905506789684296,-0.20826268196105957,-1.190138339996338,-0.0008454378694295883,-0.0011323420330882072,-0.0005288440734148026
1499098523,6E5,24.669613,59.402404,0.04583476111292839,-0.015513654798269272,-0.9146255850791931,-4.058424383401871e-05,-0.0005449149757623672,-3.279559314250946e-05
1499098524,6E5,24.669618,59.402392,0.03521465137600899,-0.05201267823576927,-0.8457779288291931,-0.00010276958346366882,0.0005003539845347404,0.00011706259101629257
1499098525,6E5,24.669623,59.402377,-0.04288536682724953,-0.055893927812576294,-1.036476731300354,-6.643775850534439e-05,-0.0012885099276900291,2.9442831873893738e-05
1499098526,6E5,24.669628,59.402364,-0.0005269678076729178,0.026259392499923706,-1.026222825050354,-7.0902518928051e-05,0.0001409519463777542,-1.0695308446884155e-05
1499098527,6E5,24.669627,59.402365,0.005332409869879484,-0.012925177812576294,-1.005837082862854,-5.146488547325134e-06,-2.1047890186309814e-06,-4.260428249835968e-05
1499098528,6E5,24.669637,59.402357,-0.0645168125629425,-0.015585724264383316,-0.9776638150215149,-8.129235357046127e-05,-0.00015781912952661514,1.67088583111763e-05
1499098529,6E5,24.669638,59.402361,-0.022036345675587654,-0.021445099264383316,-1.0152614116668701,-5.84600493311882e-05,-2.2137537598609924e-05,1.9622966647148132e-06
1499098530,6E5,24.669639,59.402362,-0.022646693512797356,0.032143767923116684,-0.9879177212715149,8.300133049488068e-05,1.5519559383392334e-05,0.0003328956663608551
1499098531,6E5,24.66964,59.40236,-0.036806851625442505,-0.019980255514383316,-1.0045192241668701,-7.08671286702156e-05,0.00012608803808689117,-8.235685527324677e-06
1499098532,6E5,24.669641,59.402358,-0.02213340997695923,-0.07610759884119034,-1.006203293800354,-0.0001577679067850113,-0.00011231843382120132,-0.0008636321872472763
1499098533,6E5,24.669644,59.402354,-0.09134726971387863,-0.024349786341190338,-0.929298996925354,5.876552313566208e-05,-9.01026651263237e-05,0.0002650069072842598
1499098534,6E5,24.669649,59.402347,-0.04395900294184685,-0.00894392654299736,-1.1024917364120483,0.0001880461350083351,0.00034471508115530014,0.00038189347833395004
1499098535,6E5,24.669657,59.402332,-0.11280664801597595,0.03475724533200264,-1.0106948614120483,0.0003495560958981514,-0.0003923531621694565,-0.001622282899916172
1499098536,6E5,24.669667,59.402315,-0.008192391134798527,-0.04104841873049736,-1.0083755254745483,-0.00011100992560386658,-0.0007984219118952751,-0.0002047475427389145
1499098537,6E5,24.669672,59.402302,-0.04591212794184685,0.06295548379421234,-1.0816177129745483,-0.00025552138686180115,-0.0006927568465471268,-0.00010093767195940018
1499098538,6E5,24.669679,59.402288,-0.1591683328151703,-0.04627244174480438,-0.8074228763580322,0.0003672325983643532,-0.00016503874212503433,-8.59089195728302e-05
1499098539,6E5,24.669685,59.402274,0.018199780955910683,-0.23963181674480438,-1.1674082279205322,-0.0004410417750477791,-0.0017279284074902534,6.963126361370087e-05
1499098540,6E5,24.669692,59.402261,-0.061145901679992676,-0.03211228549480438,-0.9974863529205322,-0.00041552260518074036,-0.0010422524064779282,3.002304583787918e-05
1499098541,6E5,24.669699,59.402246,0.0045529138296842575,-0.1168040782213211,-1.1422367095947266,0.0002731466665863991,0.0008519431576132774,0.00040106382220983505
1499098542,6E5,24.669705,59.402232,0.0784054547548294,0.029069941490888596,-1.1413823366165161,0.00011185649782419205,0.0018419940024614334,0.0002282438799738884
1499098543,6E5,24.66971,59.402221,-0.013391392305493355,0.026750605553388596,-0.8894291520118713,-0.0008404655382037163,-0.00046701543033123016,-0.0005199993029236794
1499098544,6E5,24.669717,59.402207,0.07428009808063507,0.036052949726581573,-0.9053232669830322,0.00013651419430971146,0.00045028887689113617,-8.83759930729866e-05
1499098545,6E5,24.669723,59.40219,0.011169729754328728,-0.017657987773418427,-1.0161631107330322,-0.00018838420510292053,0.00010115373879671097,-4.0189363062381744e-05
1499098546,6E5,24.669729,59.402176,-0.07916230708360672,0.0010187700390815735,-1.0547373294830322,-0.0007910393178462982,-0.0002557113766670227,-0.0004670405760407448
1499098547,6E5,24.669736,59.402161,0.0194955263286829,-0.08257439732551575,-0.9184818863868713,2.1638348698616028e-05,-0.00036898069083690643,4.5981258153915405e-05
1499098548,6E5,24.669742,59.402146,-0.03848791867494583,-0.05156853422522545,-1.3108158111572266,0.001355968415737152,0.0003946525976061821,-0.00022124033421278
1499098549,6E5,24.669749,59.402129,-0.08353184163570404,-0.02019646391272545,-1.1162357330322266,8.715316653251648e-06,0.0024673305451869965,0.0004839804023504257
1499098550,6E5,24.669753,59.40212,0.03941798210144043,-0.03201228380203247,-1.0022470951080322,0.00032822135835886,-7.99885019659996e-05,0.00043653231114149094
1499098551,6E5,24.669761,59.402106,-0.05030370503664017,-0.05190974473953247,-1.0631601810455322,2.7431175112724304e-05,0.0013570403680205345,0.00017919763922691345
1499098552,6E5,24.669766,59.402094,-0.021006830036640167,-0.02041560411453247,-1.0554697513580322,-0.00039647426456213,0.0009550293907523155,-0.00046927668154239655
1499098553,6E5,24.669774,59.402077,0.0536031536757946,0.012080099433660507,-0.8932632803916931,0.00045422837138175964,-1.6879290342330933e-05,3.3680349588394165e-05
1499098554,6E5,24.669781,59.402063,0.005141218658536673,-0.04358396306633949,-1.081495761871338,0.0004182038828730583,0.0014228103682398796,0.00046756863594055176
1499098555,6E5,24.669787,59.402048,-0.0014505416620522738,0.03869142755866051,-0.7754654288291931,-0.00012599583715200424,-0.00026272330433130264,-0.00018144212663173676
1499098556,6E5,24.669794,59.402034,0.002968957182019949,0.009053342044353485,-1.081154465675354,0.0002149110659956932,0.0008195629343390465,0.0002667708322405815
1499098557,6E5,24.6698,59.402019,0.03983418270945549,-0.06833923608064651,-1.163307785987854,-0.0001004273071885109,0.0009048553183674812,0.00016528833657503128
1499098558,6E5,24.669807,59.402005,-0.07393532991409302,-0.041483767330646515,-1.008278489112854,4.0445476770401e-05,0.0006412910297513008,-0.00041647907346487045
1499098559,6E5,24.669815,59.401988,-0.01116617675870657,0.024092990905046463,-0.9323257803916931,0.00025025755167007446,-0.00041639339178800583,0.0002647899091243744
1499098560,6E5,24.669823,59.40197,0.010074052959680557,0.015425998717546463,-0.9662613272666931,0.0005443096160888672,0.00066404789686203,0.0004315432161092758
1499098561,6E5,24.669825,59.401964,0.05682700499892235,0.07035763561725616,-0.7713150382041931,5.6978315114974976e-05,-0.001509813591837883,-0.0003424491733312607
1499098562,6E5,24.669833,59.401947,-0.07889021933078766,-0.04204411804676056,-1.0972177982330322,4.0405429899692535e-05,0.0005081994459033012,0.00036478135734796524
1499098563,6E5,24.669839,59.401932,-0.01919783279299736,-0.01579900085926056,-1.0989267826080322,0.0003077620640397072,0.0004979697987437248,8.960254490375519e-05
1499098564,6E5,24.669846,59.401918,0.11129533499479294,-0.004446461796760559,-1.0887949466705322,-0.00020246021449565887,-0.00046430714428424835,-0.00010015908628702164
1499098565,6E5,24.669853,59.401904,-0.022590791806578636,0.05197502300143242,-1.0451908111572266,-0.0005110185593366623,0.0012013521045446396,7.892493158578873e-05
1499098566,6E5,24.669862,59.401887,-0.043098606169223785,-0.02395271137356758,-1.0532474517822266,0.0002896897494792938,0.00014375429600477219,0.0001371372491121292
1499098567,6E5,24.669869,59.401873,-0.04175582155585289,-0.014675367623567581,-0.9778080582618713,-5.24008646607399e-05,-0.0006097573786973953,-1.836288720369339e-05
1499098568,6E5,24.669876,59.401858,0.08644299954175949,0.009153343737125397,-1.0587656497955322,-0.00024150311946868896,0.0006588203832507133,1.963786780834198e-05
1499098569,6E5,24.669882,59.401844,-0.07029528170824051,-0.0357685312628746,-1.0746347904205322,-2.6492401957511902e-05,0.0004230653867125511,0.0001178942620754242
1499098570,6E5,24.669889,59.40183,-0.04710191488265991,0.014402367174625397,-0.9956552982330322,2.7029775083065033e-05,0.0005786297842860222,-0.0003463961184024811
1499098571,6E5,24.669896,59.401816,-0.007404042407870293,-0.024879273027181625,-0.8607925772666931,-4.769954830408096e-05,-0.0009337859228253365,-0.00019913166761398315
1499098572,6E5,24.669902,59.401801,-0.050983164459466934,-0.044532593339681625,-1.0463393926620483,0.00038332119584083557,0.00202818401157856,5.7495199143886566e-05
1499098573,6E5,24.669909,59.401787,0.04948071390390396,-0.07395154237747192,-0.9400162100791931,-2.6335008442401886e-05,-0.002471793442964554,-0.0002842368558049202
1499098574,6E5,24.669916,59.401773,-0.038873203098773956,0.04484787583351135,-1.0651133060455322,0.0001055784523487091,0.0007818285375833511,0.00019519124180078506
1499098575,6E5,24.669921,59.401762,0.005438339430838823,-0.07539138197898865,-0.9010508060455322,0.0004732385277748108,5.59147447347641e-05,0.00012431293725967407
1499098576,6E5,24.669928,59.401748,-0.01397085189819336,0.04033127427101135,-0.9988291263580322,0.0002754637971520424,-0.0005823345854878426,-0.0005037728697061539
1499098577,6E5,24.669935,59.401733,0.019501416012644768,-0.00883806124329567,-1.0215092897415161,-3.6806799471378326e-05,0.0001061800867319107,-0.00046477653086185455
1499098578,6E5,24.669941,59.401719,-0.020415563136339188,0.00935041531920433,-0.9037113785743713,0.0007022684440016747,0.0006734160706400871,0.0014200937002897263
1499098579,6E5,24.669949,59.401703,0.05209420993924141,0.12995588779449463,-0.8502445816993713,-0.0002488112077116966,-0.0011724485084414482,0.0005930131301283836
1499098580,6E5,24.669954,59.401696,-0.03484486788511276,-0.1255122721195221,-0.9310801029205322,-0.0003744782879948616,-0.0007857540622353554,-0.00018321629613637924
1499098581,6E5,24.669962,59.401683,-0.07879018783569336,-0.006249584257602692,-0.9762461185455322,-2.3128464818000793e-05,0.0005733668804168701,0.0004268474876880646
1499098582,6E5,24.669969,59.40167,-0.07634878903627396,-0.07582966238260269,-1.0641367435455322,0.0006415024399757385,-0.001589914783835411,0.000533335842192173
1499098583,6E5,24.669976,59.401657,0.009125440381467342,-0.061400365084409714,-1.011305332183838,-0.0007321666926145554,0.0004047071561217308,-0.001520700752735138
1499098584,6E5,24.669981,59.401647,0.19467230141162872,-0.057860326021909714,-1.076857089996338,0.00021633971482515335,0.0013599656522274017,-0.0017202626913785934
1499098585,6E5,24.669986,59.401635,-0.16299369931221008,-0.11498923599720001,-0.9562515616416931,-2.9078684747219086e-05,-0.00202964898198843,0.0012586228549480438
1499098586,6E5,24.669991,59.401622,-0.10222768783569336,0.018092408776283264,-0.979347825050354,-0.000506286509335041,-0.0005650082603096962,0.0008879005908966064
1499098587,6E5,24.669999,59.401608,0.02692270278930664,-0.005467161536216736,-1.000588059425354,-7.34059140086174e-05,-0.00041395891457796097,5.9388577938079834e-05
1499098588,6E5,24.670002,59.401603,0.0067810979671776295,-0.040867552161216736,-1.028298020362854,0.00038269348442554474,-0.0004236232489347458,-4.319567233324051e-05
1499098589,6E5,24.670012,59.401586,-0.030913623049855232,0.09795139729976654,-1.0155776739120483,0.0003595920279622078,-0.0006349990144371986,-0.0004177698865532875
1499098590,6E5,24.67002,59.401573,-0.10037161409854889,0.09477756917476654,-0.8993667960166931,0.0010688137263059616,-0.001941136084496975,-0.00043368246406316757
1499098591,6E5,24.670025,59.401562,-0.05740289017558098,-0.019114036113023758,-1.0927261114120483,-0.000409051775932312,0.0003800317645072937,-0.00021379441022872925
1499098592,6E5,24.670029,59.401554,0.05004401132464409,0.03010530024766922,-0.911354660987854,-0.00023486744612455368,-0.001768047921359539,-0.00029706675559282303
1499098593,6E5,24.670037,59.401536,-0.07825186848640442,0.08320588618516922,-0.781105637550354,0.0007050121203064919,-0.0027555078268051147,-7.955171167850494e-05
1499098594,6E5,24.670044,59.401522,0.022211970761418343,-0.03703337162733078,-0.987282395362854,-0.00015143491327762604,8.593406528234482e-05,6.366707384586334e-05
1499098595,6E5,24.670048,59.401514,-0.027811838313937187,0.0723666250705719,-0.8598160147666931,-0.0007179342210292816,-0.0010118121281266212,-0.0004036296159029007
1499098596,6E5,24.670056,59.401497,-0.08005794882774353,-0.0675259530544281,-0.9983658194541931,0.0006674574688076973,-0.0010043876245617867,0.00029938481748104095
1499098597,6E5,24.670062,59.401483,0.008687170222401619,-0.0830288827419281,-0.9881119132041931,0.0003806091845035553,0.0005510468035936356,0.0005304384976625443
1499098598,6E5,24.670069,59.401469,-0.018143298104405403,-0.022701144218444824,-1.0211679935455322,8.187256753444672e-05,0.0004176981747150421,-9.143352508544922e-05
1499098599,6E5,24.670077,59.401452,0.04252567142248154,-0.20116794109344482,-0.8180429935455322,-0.00022203102707862854,-0.0003053257241845131,-0.0008474169299006462
1499098600,6E5,24.670084,59.401438,0.07694946229457855,0.027347683906555176,-1.0939218997955322,0.0008224416524171829,0.0016796309500932693,0.00037667248398065567
1499098601,6E5,24.670091,59.401423,-0.06950989365577698,0.022611942142248154,-0.9918960928916931,-0.0004997970536351204,0.00019687507301568985,-0.0007551545277237892
1499098602,6E5,24.670097,59.401409,0.08771666884422302,-0.09738317131996155,-1.022779941558838,0.0009100465103983879,-0.0004416564479470253,0.0003690943121910095
1499098603,6E5,24.670103,59.401398,-0.05827941745519638,-0.005220089107751846,-0.9287857413291931,0.00043680332601070404,0.0001363540068268776,6.360001862049103e-05
1499098604,6E5,24.670109,59.401384,0.0335424579679966,-0.011908955872058868,-0.9723398685455322,-8.80630686879158e-05,-0.0005619358271360397,-0.000340326689183712
1499098605,6E5,24.670116,59.40137,-0.0765649676322937,-0.0026316121220588684,-0.9744150638580322,0.000384368933737278,-0.0006324378773570061,0.00024384912103414536
1499098606,6E5,24.670123,59.401355,-0.07522217929363251,-0.07611794024705887,-0.8613779544830322,9.567011147737503e-05,-0.0006905943155288696,-0.0001765899360179901
1499098607,6E5,24.670132,59.401335,0.02392392046749592,0.1339900642633438,-0.8523197770118713,-3.461632877588272e-05,-0.0010748226195573807,0.0003717280924320221
1499098608,6E5,24.67014,59.401321,-0.011232346296310425,0.00862385705113411,-0.9981938004493713,-0.000350024551153183,0.00026708468794822693,0.0006765127182006836
1499098609,6E5,24.670145,59.401313,-0.026002852246165276,0.01863362267613411,-0.9903813004493713,-0.00029226671904325485,0.00016644876450300217,-9.381677955389023e-05
1499098610,6E5,24.67015,59.401304,0.0596655011177063,-0.04103375971317291,-1.0125010013580322,0.00014029443264007568,-0.00021560024470090866,-0.00070138368755579
1499098611,6E5,24.670152,59.401302,0.0049780006520450115,-0.06154157221317291,-1.0056650638580322,4.0776096284389496e-05,0.00010384991765022278,-0.0005797930061817169
1499098612,6E5,24.670153,59.4013,-0.023464379832148552,0.004498466849327087,-0.9825937747955322,-7.964763790369034e-05,2.321600914001465e-05,-0.00039528682827949524
1499098613,6E5,24.670154,59.401298,-0.01860657148063183,-0.026726532727479935,-0.9905033707618713,-5.028955638408661e-05,-0.00022538099437952042,-0.00014378037303686142
1499098614,6E5,24.670155,59.401295,-0.07366026937961578,-0.006707001477479935,-0.9009037613868713,-1.6886740922927856e-05,-5.71543350815773e-05,0.00018881727010011673
1499098615,6E5,24.670159,59.401287,-0.07695618271827698,-0.034416962414979935,-1.0174808502197266,-0.0001687854528427124,0.000847584567964077,-0.0002986118197441101
1499098616,6E5,24.670165,59.401277,-0.1053735688328743,0.009553350508213043,-1.0607187747955322,-8.921604603528976e-05,0.0009349863976240158,-5.813967436552048e-05
1499098617,6E5,24.670169,59.401269,-0.03176513686776161,-0.026457391679286957,-0.7964365482330322,-0.0004431260749697685,-0.002647227607667446,-6.946548819541931e-05
1499098618,6E5,24.670177,59.401251,-0.1860620528459549,-0.14633044600486755,-1.0671885013580322,-0.00021360255777835846,-0.000687750056385994,-0.0005124909803271294
1499098619,6E5,24.670184,59.401237,0.01733211800456047,0.05657542124390602,-0.9093765616416931,-1.1336058378219604e-05,-0.0009664958342909813,-3.7727877497673035e-05
1499098620,6E5,24.670189,59.401226,0.02075006812810898,-0.09442555904388428,-1.062819004058838,9.176228195428848e-05,0.0005333228036761284,0.0001521008089184761
1499098621,6E5,24.670198,59.401208,-0.0018329344457015395,0.08343088626861572,-1.018995761871338,1.3150274753570557e-05,-9.9916011095047e-05,5.593523383140564e-06
1499098622,6E5,24.670205,59.401194,-0.05161260440945625,0.051229327917099,-0.919655442237854,-5.9798359870910645e-05,-0.00039929337799549103,2.2619031369686127e-05
1499098623,6E5,24.670212,59.40118,-0.01621222123503685,0.056478351354599,-0.974587082862854,-0.0004034917801618576,0.0008652433753013611,0.00016812141984701157
1499098624,6E5,24.67022,59.401165,-0.06345343589782715,0.110921710729599,-0.988747239112854,-0.0001709870994091034,-0.0009614843875169754,-0.0002987813204526901
1499098625,6E5,24.670227,59.401151,0.007128213532269001,-0.07716363668441772,-0.9595474600791931,1.636520028114319e-05,-0.0009087696671485901,-4.222150892019272e-05
1499098626,6E5,24.670236,59.401135,0.012865525670349598,-0.025283757597208023,-0.8990005850791931,3.177858889102936e-05,0.0006188098341226578,-0.0006401035934686661
1499098627,6E5,24.670239,59.401129,-0.06989816576242447,-0.06007379665970802,-1.0747817754745483,0.00015378370881080627,0.00018919818103313446,-0.0005505494773387909
1499098628,6E5,24.670246,59.401111,-0.0028565633110702038,0.015146516263484955,-1.0905039310455322,-0.0001027015969157219,-0.0010826187208294868,3.434531390666962e-05
1499098629,6E5,24.670253,59.401094,0.005810437258332968,0.043222688138484955,-1.0177500247955322,-0.0002981945872306824,-0.00026055704802274704,0.00019690394401550293
1499098630,6E5,24.670259,59.401083,-0.027880966663360596,-0.060170866549015045,-1.0055429935455322,-8.636992424726486e-05,-0.00042121950536966324,-5.881115794181824e-05
1499098631,6E5,24.670268,59.401066,-0.030785661190748215,-0.03268004581332207,-1.0960941314697266,0.0005029123276472092,-0.0017144083976745605,7.959548383951187e-05
1499098632,6E5,24.670273,59.401055,-0.01564893312752247,-0.013759147375822067,-1.0125980377197266,0.00017744582146406174,0.0011112922802567482,0.00033162161707878113
1499098633,6E5,24.67028,59.401041,0.054907698184251785,-0.028163444250822067,-1.0970708131790161,-0.0007561808452010155,0.001015838235616684,5.3724274039268494e-05
1499098634,6E5,24.670284,59.401027,0.14172472059726715,0.12103147804737091,-0.8558847904205322,-0.0010463530197739601,0.001179608516395092,1.822877675294876e-05
1499098275,6E5,24.66584,59.403485,-0.0566587932407856,0.04402579367160797,-0.9104325175285339,-5.02467155456543e-05,-0.0005757296457886696,2.2017396986484528e-05
1499098276,6E5,24.665859,59.403499,-0.1408873200416565,0.01912344992160797,-0.9695145487785339,0.0003349697217345238,-0.0003547472879290581,-2.0205974578857422e-05
1499098277,6E5,24.665892,59.403502,-0.041644174605607986,-0.08463631570339203,-1.1490800380706787,0.0005314378067851067,-0.00021379999816417694,-5.039013922214508e-05
1499098278,6E5,24.66592,59.403505,-0.07557971030473709,-0.15629158914089203,-1.0395828485488892,-0.0005351593717932701,0.00023312587291002274,-0.0003284076228737831
1499098279,6E5,24.665941,59.403507,-0.0034111489076167345,0.0900212973356247,-1.0404623746871948,0.00021872203797101974,-0.002062610350549221,-0.00015021301805973053
1499098280,6E5,24.665968,59.40351,0.049689438194036484,-0.025579284876585007,-1.0349692106246948,-8.689332753419876e-05,-0.00043766479939222336,-3.064516931772232e-05
1499098281,6E5,24.666,59.403516,-0.004265637136995792,0.031183410435914993,-1.0086020231246948,-0.0004542265087366104,0.0003384863957762718,-0.00018109101802110672
1499098282,6E5,24.666026,59.403521,-0.03187853842973709,0.11953731626272202,-1.077962875366211,-0.000632372684776783,1.947116106748581e-05,-0.00019836146384477615
1499098283,6E5,24.666048,59.403524,-0.03993517905473709,0.046417199075222015,-1.051961898803711,6.279442459344864e-05,-0.00024191662669181824,-0.00014166627079248428
1499098284,6E5,24.666083,59.403529,-0.006487905979156494,0.09622188657522202,-1.001424789428711,0.00095338374376297,-0.00020433496683835983,0.00034960079938173294
1499098285,6E5,24.66611,59.403533,0.06397166103124619,0.029058214277029037,-1.0479586124420166,-0.0007468108087778091,9.767059236764908e-05,-8.463673293590546e-05
1499098286,6E5,24.666133,59.403536,0.00586620531976223,0.03601622208952904,-0.9550631046295166,0.00034481193870306015,-0.00037715770304203033,0.00020569004118442535
1499098287,6E5,24.666162,59.403538,-0.09655077755451202,0.018438097089529037,-0.9052584171295166,-0.0004828060045838356,-0.0006184875965118408,-0.0002873772755265236
1499098288,6E5,24.66619,59.403543,-0.018522843718528748,0.09104493260383606,-0.8709816336631775,-0.0002253977581858635,-0.0014126375317573547,-0.00017275940626859665
1499098289,6E5,24.666224,59.403547,0.004060163628309965,0.19333985447883606,-0.8806251883506775,0.001185891218483448,-0.0005349358543753624,0.0011839624494314194
1499098290,6E5,24.666252,59.40355,-0.03976310417056084,0.08652833104133606,-1.0809425115585327,0.0014258259907364845,-9.915046393871307e-05,0.0009281598031520844
1499098291,6E5,24.666274,59.403552,-0.01800958253443241,-0.09696835279464722,-1.0821382999420166,5.661509931087494e-06,0.0008856719359755516,0.0006016641855239868
1499098292,6E5,24.666302,59.403556,0.11297189444303513,0.02400333061814308,-0.8271334171295166,-0.00024069007486104965,0.001004035584628582,-0.00017866678535938263
1499098293,6E5,24.666342,59.403561,0.024348851293325424,0.04744083061814308,-0.7885591983795166,0.0006642695516347885,0.0007227351889014244,0.00036572664976119995
1499098294,6E5,24.66637,59.403564,0.04378300905227661,0.042044736444950104,-1.0044045448303223,-4.064291715621948e-06,0.0006348555907607079,-2.1987594664096832e-05
1499098295,6E5,24.666393,59.403567,-0.009439639747142792,0.052054502069950104,-0.9367775321006775,0.0003049708902835846,0.001609613187611103,-0.0003855917602777481
1499098296,6E5,24.666421,59.40357,0.013021290302276611,0.032034970819950104,-1.0033059120178223,0.0006579598411917686,0.0004614144563674927,0.00045138224959373474
1499098297,6E5,24.666449,59.403574,0.05467226356267929,0.08071602880954742,-1.0718843936920166,-0.0008357912302017212,0.00012237858027219772,4.838220775127411e-06
1499098298,6E5,24.666476,59.403577,-0.04859921708703041,0.06655587255954742,-1.0301363468170166,-0.000179266557097435,0.000908534973859787,0.00012907572090625763
1499098299,6E5,24.666504,59.403581,-0.1081695556640625,0.056424032896757126,-1.2413179874420166,0.0005124155431985855,0.00214937049895525,6.306823343038559e-05
1499098300,6E5,24.666538,59.403586,-0.01781248301267624,0.09643809497356415,-0.9317726492881775,0.00011554080992937088,0.0002582035958766937,0.0002785259857773781
1499098301,6E5,24.66655,59.403587,-0.009023426100611687,0.04687754809856415,-0.9846290946006775,0.000345548614859581,-0.000512830913066864,-3.5565346479415894e-05
1499098302,6E5,24.666578,59.40359,-0.02928709238767624,0.08703868091106415,-0.9309181571006775,0.0003753872588276863,0.001056509092450142,-2.690870314836502e-05
1499098303,6E5,24.666623,59.403596,-0.013759174384176731,-0.01833299919962883,-1.0672457218170166,0.00012685265392065048,-0.00024193432182073593,-0.00042222440242767334
1499098304,6E5,24.666634,59.403597,0.01627012901008129,0.07846875488758087,-1.0233004093170166,-0.0006074598059058189,0.00036790501326322556,-0.0003862157464027405
1499098305,6E5,24.666667,59.403602,-0.022670282050967216,0.04038282111287117,-0.8670504093170166,0.00012031290680170059,-0.0005961311981081963,-0.00029422901570796967
1499098306,6E5,24.666695,59.403605,-0.012025173753499985,0.12287735193967819,-0.9683437943458557,0.0007608039304614067,-0.001096382737159729,0.0008642403408885002
1499098307,6E5,24.666729,59.403609,0.005186752416193485,-0.06474471837282181,-0.8659268021583557,5.0747767090797424e-05,-0.0012913262471556664,-0.0001683039590716362
1499098308,6E5,24.666757,59.403612,-0.06488155573606491,0.2262709140777588,-0.4173184037208557,0.002554960548877716,-0.00395016185939312,0.00012083165347576141
1499098309,6E5,24.666785,59.403616,-0.0318976454436779,-0.014110539108514786,-1.0901449918746948,4.4512562453746796e-05,-0.00041255075484514236,0.00014144089072942734
1499098310,6E5,24.666813,59.403619,-0.07620915025472641,-0.08979412913322449,-0.9634360074996948,4.4298358261585236e-05,-0.001351962797343731,0.0003350963816046715
1499098311,6E5,24.666842,59.403622,-0.04935368150472641,0.12285235524177551,-0.9479330778121948,-0.0005075829103589058,2.1824613213539124e-05,-9.417813271284103e-05
1499098312,6E5,24.66687,59.403625,0.06199944019317627,0.015943758189678192,-0.9953934550285339,0.00010440964251756668,-9.142700582742691e-05,-2.258922904729843e-05
1499098313,6E5,24.666899,59.403628,0.013537555932998657,-0.09025741368532181,-0.7473465800285339,-0.0004366496577858925,-0.002776212990283966,4.486553370952606e-05
1499098314,6E5,24.666921,59.403631,0.013049245811998844,0.11823868006467819,-0.9922196269035339,-0.0004727086052298546,0.00159421656280756,9.249337017536163e-05
1499098315,6E5,24.666949,59.403635,0.11353809386491776,-0.11872479319572449,-1.180182933807373,0.0006602657958865166,0.00010489672422409058,-8.48257914185524e-05
1499098316,6E5,24.666982,59.403639,-0.08214052021503448,-0.1259269416332245,-0.35535383224487305,-0.00043926574289798737,-0.0049517955631017685,-0.00015556812286376953
1499098317,6E5,24.667011,59.403642,0.1562626212835312,0.07365801930427551,-1.908088207244873,-0.001658768393099308,0.004374479874968529,-0.00045741256326436996
1499098318,6E5,24.667028,59.403645,-0.04110000655055046,0.04084610193967819,-1.3354814052581787,-0.001323876902461052,0.001572529785335064,-0.0002866974100470543
1499098319,6E5,24.667062,59.40365,0.09134630858898163,-0.03495956212282181,-1.1384599208831787,-0.000572611577808857,0.0014612693339586258,6.579514592885971e-05
1499098320,6E5,24.66709,59.403653,0.018836500123143196,0.1994154453277588,-1.4835526943206787,0.00021350476890802383,0.0034251827746629715,0.001001361757516861
1499098321,6E5,24.667118,59.403657,-0.0682966560125351,0.012256648391485214,-1.115729808807373,-0.000600314699113369,0.002024606801569462,-0.00012609269469976425
1499098322,6E5,24.66714,59.403661,0.037172116339206696,0.060474421828985214,-0.947150707244873,0.000624525360763073,-0.001093418337404728,-2.1333806216716766e-05
1499098323,6E5,24.667174,59.403665,0.04718189314007759,0.058521296828985214,-0.857062816619873,-1.4571473002433777e-05,0.0009567141532897949,0.00045154988765716553
1499098324,6E5,24.667208,59.403669,-0.26443853974342346,-0.10856796056032181,-0.2681705951690674,-0.0028613172471523285,-0.0020196372643113136,-0.00087750144302845
1499098325,6E5,24.667236,59.403672,0.0734519511461258,0.019605867564678192,-1.3725407123565674,-0.0012154188007116318,-5.28283417224884e-05,0.0008869422599673271
1499098326,6E5,24.667259,59.403675,-0.09830090403556824,-0.07731796056032181,-0.7774479985237122,0.000920608639717102,0.003901318646967411,0.0031583281233906746
1499098327,6E5,24.667292,59.403679,0.16600628197193146,-0.06447558104991913,-1.171271800994873,-0.00033591315150260925,0.0016671912744641304,-0.00012271199375391006
1499098328,6E5,24.66732,59.403683,0.11034219712018967,0.28025099635124207,-1.303962230682373,0.00017748773097991943,0.003036610782146454,-6.729923188686371e-05
1499098329,6E5,24.667348,59.403687,-0.01697707176208496,-0.15004687011241913,-0.754767894744873,0.0006650043651461601,-0.0020926715806126595,-0.00102331954985857
1499098330,6E5,24.667376,59.40369,0.14149510860443115,0.07751719653606415,-1.5511295795440674,-0.0030340487137436867,0.0014252448454499245,-0.0007312251254916191
1499098331,6E5,24.667404,59.403693,0.14064070582389832,0.24597422778606415,-0.7836735844612122,-0.0037519466131925583,-0.0008449479937553406,-0.0011483551934361458
1499098332,6E5,24.667432,59.403696,-0.18894915282726288,-0.012448623776435852,-0.8178532123565674,-0.00015445519238710403,-0.003009643405675888,-0.00039827730506658554
1499098333,6E5,24.66746,59.4037,-0.04890945553779602,0.008572470396757126,-0.49536848068237305,-0.0006103413179516792,-0.002409879118204117,-0.0005576731637120247
1499098334,6E5,24.667483,59.403703,-0.0712483674287796,0.06582345068454742,-0.863288402557373,0.0010040011256933212,-0.001340092159807682,-0.00022117886692285538
1499098335,6E5,24.667516,59.403707,-0.2311604619026184,-0.14657889306545258,-0.780158519744873,0.0014651976525783539,-0.004630716517567635,-0.0001433286815881729
1499098336,6E5,24.667545,59.403711,0.031315699219703674,0.1896277368068695,-0.8786942362785339,-0.001244276762008667,0.005682176910340786,-0.0011567575857043266
1499098337,6E5,24.667572,59.403715,-0.03850853443145752,-0.0731896385550499,-0.9852616190910339,-0.0014218846336007118,7.745157927274704e-05,-0.0011024130508303642
1499098338,6E5,24.6676,59.403718,-0.06292261928319931,-0.1299523413181305,-1.1601883172988892,-0.0005612950772047043,0.0003684926778078079,-0.00022187922149896622
1499098339,6E5,24.667629,59.403721,0.08981236070394516,0.12935000658035278,-1.050178050994873,0.0014766259118914604,0.001943458802998066,0.00132049061357975
1499098340,6E5,24.667657,59.403724,0.019621940329670906,0.01570254936814308,-0.991584300994873,-0.000984574668109417,0.0002875523641705513,0.0006636949256062508
1499098341,6E5,24.667683,59.403728,0.10555942356586456,-0.15812557935714722,-1.142096996307373,-0.0007572434842586517,0.0005561355501413345,0.0008227108046412468
1499098342,6E5,24.667699,59.40373,-0.04803004860877991,0.11326172947883606,-1.2344071865081787,-4.02648001909256e-05,0.0010544732213020325,0.0007075918838381767
1499098343,6E5,24.667726,59.403733,0.11188209056854248,-0.08729979395866394,-0.9826981425285339,-0.0008335430175065994,-0.000940210185945034,-0.00011345557868480682
1499098344,6E5,24.667744,59.403736,0.1359299272298813,0.07261231541633606,-1.0982987880706787,-0.00047478917986154556,-0.00025940220803022385,-0.0002895509824156761
1499098345,6E5,24.667767,59.403739,-0.09048548340797424,-0.0022417865693569183,-1.0083578824996948,7.927045226097107e-05,-0.001545778475701809,-0.0005934694781899452
1499098346,6E5,24.667773,59.40374,0.06027135252952576,0.10115176439285278,-0.9956625699996948,-0.0009815748780965805,0.0020911255851387978,4.144851118326187e-05
1499098347,6E5,24.667796,59.403744,0.16110140085220337,0.05293399468064308,-1.2944906949996948,-0.0018285103142261505,-0.0010833283886313438,0.0007989164441823959
1499098348,6E5,24.667811,59.403746,-0.02112453058362007,-0.02321287989616394,-0.8994461894035339,-5.5116601288318634e-05,-0.0018721884116530418,-0.0009119333699345589
1499098349,6E5,24.667822,59.403747,-0.044439949095249176,0.09470704197883606,-0.8003250956535339,-0.00023031793534755707,-5.37307932972908e-05,0.0002461802214384079
1499098350,6E5,24.667834,59.403748,0.15636569261550903,-0.18874022364616394,-1.0420243740081787,-0.00014548469334840775,-0.002181020565330982,-0.0008001914247870445
1499098351,6E5,24.667834,59.403748,0.04537877440452576,0.0036175884306430817,-1.003669261932373,-5.593523383140564e-06,1.6838312149047852e-06,-3.7185847759246826e-05
1499098362,6E5,24.667836,59.403748,0.03876196965575218,-0.023751161992549896,-1.020123839378357,-1.9307248294353485e-05,-0.00012060627341270447,9.064935147762299e-05
1499098363,6E5,24.667843,59.403748,-0.2935134470462799,0.2710486352443695,-1.2026188373565674,0.0008022747933864594,0.006430883891880512,0.00034046638756990433
1499098364,6E5,24.66787,59.403752,-0.10613548010587692,0.1154089942574501,-0.9637272953987122,0.0019719628617167473,-0.0029299193993210793,-0.0012459838762879372
1499098365,6E5,24.667899,59.403756,0.08185277134180069,-0.042549990117549896,-1.159283995628357,0.00023929961025714874,0.0022577624768018723,0.00014630425721406937
1499098366,6E5,24.667938,59.403762,-0.07791222631931305,0.18476992845535278,-0.9025683999061584,0.00026300083845853806,0.0009882012382149696,-0.00020049046725034714
1499098367,6E5,24.667954,59.403765,-0.34683313965797424,-0.15824764966964722,-0.9091601371765137,-0.0010011112317442894,0.00596532691270113,-0.00012747570872306824
1499098368,6E5,24.667981,59.403768,-0.005036280024796724,0.22810488939285278,-1.1287646293640137,-0.002361155115067959,0.002278589643537998,-0.001087515614926815
1499098369,6E5,24.668015,59.403774,-0.008795416913926601,-0.2877892553806305,-0.8013970851898193,0.0006552757695317268,-0.001023036427795887,-0.0006284769624471664
1499098370,6E5,24.668048,59.403778,-0.004645018372684717,-0.015084169805049896,-0.7397515773773193,-0.0010884739458560944,0.000451916828751564,0.00022511184215545654
1499098371,6E5,24.668065,59.40378,-0.10632959753274918,0.1134558692574501,-0.8358209133148193,0.0020620478317141533,-0.002773817628622055,0.00012864265590906143
1499098372,6E5,24.668094,59.403783,-0.1423153579235077,-0.09933768212795258,-1.0546679496765137,0.001250305213034153,0.0021399622783064842,2.2907741367816925e-05
1499098373,6E5,24.668122,59.403787,-0.07273529469966888,0.12051095068454742,-1.1071581840515137,-0.00037308596074581146,0.0013661468401551247,-0.00012760795652866364
1499098374,6E5,24.66815,59.40379,0.0603213906288147,0.12905587255954742,-0.7529101967811584,0.0007039010524749756,-6.548594683408737e-05,-3.335438668727875e-05
1499098375,6E5,24.668178,59.403793,0.08024382591247559,-0.05871327221393585,-1.0087945461273193,-0.0015934044495224953,0.0005952911451458931,0.00023878738284111023
1499098376,6E5,24.668206,59.403796,-0.17048856616020203,-0.028806045651435852,-0.6879937648773193,-0.0007270351052284241,0.0021294578909873962,0.0010397806763648987
1499098377,6E5,24.668234,59.4038,-0.04658717289566994,-0.15600331127643585,-0.5418756008148193,0.0004298742860555649,-0.002082429826259613,0.00033475831151008606
1499098378,6E5,24.668263,59.403803,0.14540432393550873,-0.04555467888712883,-1.318145751953125,0.00042183417826890945,-0.00041692331433296204,-1.458730548620224e-05
1499098379,6E5,24.668302,59.403808,-0.1514706164598465,0.03635450080037117,-0.9173888564109802,0.0012014014646410942,-0.003117101266980171,0.0002221371978521347
1499098380,6E5,24.668319,59.40381,0.12343167513608932,0.03427930548787117,-1.317169189453125,-0.00010516960173845291,-0.0016198623925447464,-0.0005176011472940445
1499098381,6E5,24.668347,59.403813,-0.10542509704828262,-0.1958482265472412,-0.8304498195648193,-0.0013058744370937347,-0.001130949705839157,-0.0005499795079231262
1499098382,6E5,24.668387,59.403818,0.21024857461452484,-0.5139634609222412,-2.0643365383148193,-0.002852369099855423,0.0014743376523256302,0.0005139661952853203
1499098383,6E5,24.668403,59.40382,0.12052701413631439,-0.030442960560321808,-1.1318414211273193,0.00012540817260742188,-0.0006394525989890099,-0.00026735570281744003
1499098384,6E5,24.66843,59.403824,-0.04070281237363815,0.1602058708667755,-0.6783751845359802,-0.0009326785802841187,-0.0029765721410512924,6.907153874635696e-05
1499098385,6E5,24.668458,59.403828,0.043281517922878265,0.11125567555427551,-1.059722900390625,2.6693567633628845e-05,0.0035324878990650177,-0.0005652615800499916
1499098386,6E5,24.668498,59.403833,0.005195587407797575,0.0029793046414852142,-1.005035400390625,0.0006816210225224495,0.0012103067710995674,0.0009130798280239105
1499098387,6E5,24.668515,59.403834,-0.004545023664832115,0.058008015155792236,-0.9208317995071411,-0.0003337385132908821,-0.000982501544058323,-3.688596189022064e-05
1499098388,6E5,24.668543,59.403837,-0.02725011482834816,0.044091999530792236,-1.0341130495071411,-0.00012325868010520935,0.00025846902281045914,-0.0005916832014918327
1499098389,6E5,24.668571,59.403841,0.03207604959607124,0.07619649171829224,-1.0938054323196411,0.0009308494627475739,0.0008741067722439766,0.0004520714282989502
1499098390,6E5,24.668605,59.403845,-0.005862801801413298,0.02770957723259926,-0.9941710829734802,-0.0005910890176892281,0.0009572440758347511,5.29363751411438e-05
1499098391,6E5,24.668634,59.403847,-0.12805524468421936,-0.10534706711769104,-1.4861143827438354,-0.001260463148355484,-3.3313408493995667e-06,-0.0004322594031691551
1499098392,6E5,24.668662,59.40385,0.08691057562828064,0.18823203444480896,-1.503692626953125,0.0006183814257383347,0.0029950756579637527,0.001353733241558075
1499098393,6E5,24.66869,59.403854,-0.03384189307689667,-0.23581522703170776,-0.8897038698196411,0.0004911674186587334,-0.0006254343315958977,8.214917033910751e-05
1499098394,6E5,24.668724,59.403857,0.007417849265038967,0.008081257343292236,-1.0715886354446411,-0.0005798311904072762,-0.0015974100679159164,-4.4533051550388336e-05
1499098395,6E5,24.668746,59.40386,0.04220793396234512,0.058374226093292236,-0.6888982057571411,-0.003566381521522999,-0.00733265932649374,-0.0046793436631560326
