botid,timestamp,coordinates_long,coordinates_lat,heading,stdev
6E5,1499097601.454,24.663108,59.397973,-0.716641,0.027637
6E5,1499097602.063,24.663102,59.397976,-0.724855,0.031432
6E5,1499097602.262,24.663096,59.397979,-0.728302,0.026824
6E5,1499097602.726,24.663091,59.397982,-0.719937,0.029236
6E5,1499097603.255,24.663083,59.397987,-0.70824,0.031799
6E5,1499097603.761,24.663077,59.39799,-0.702573,0.025763
6E5,1499097604.345,24.663071,59.397995,-0.693765,0.026766
6E5,1499097604.830,24.663067,59.397997,-0.686626,0.027295
6E5,1499097604.881,24.663066,59.397998,-0.685093,0.020627
6E5,1499097605.391,24.663064,59.397999,-0.676968,0.019352
6E5,1499097605.904,24.663059,59.398002,-0.670605,0.022095
6E5,1499097606.491,24.663053,59.398006,-0.672313,0.02186
6E5,1499097606.944,24.663048,59.398009,-0.670639,0.026044
6E5,1499097607.441,24.663042,59.398013,-0.669912,0.018351
6E5,1499097607.968,24.66304,59.398014,-0.671479,0.019513
6E5,1499097608.578,24.663037,59.398016,-0.67087,0.016279
6E5,1499097608.933,24.663036,59.398017,-0.67144,0.010802
6E5,1499097609.532,24.663036,59.398017,-0.672609,0.010498
6E5,1499097610.484,24.663037,59.398016,-0.67256,0.010501
6E5,1499097610.763,24.663037,59.398016,-0.672558,0.010501
6E5,1499097610.767,24.663037,59.398016,-0.672496,0.010501
6E5,1499097611.275,24.663037,59.398016,-0.672299,0.01061
6E5,1499097611.329,24.663037,59.398016,-0.672142,0.010614
6E5,1499097611.361,24.663037,59.398016,-0.672142,0.010614
6E5,1499097611.402,24.663037,59.398016,-0.671467,0.010701
6E5,1499097611.513,24.663037,59.398016,-0.673233,0.011297
6E5,1499097611.550,24.663037,59.398016,-0.670861,0.010965
6E5,1499097611.575,24.663037,59.398016,-0.671855,0.011707
6E5,1499097611.698,24.663037,59.398016,-0.673071,0.01265
6E5,1499097611.817,24.663037,59.398016,-0.672732,0.0129
6E5,1499097611.878,24.663036,59.398017,-0.672975,0.013684
6E5,1499097611.900,24.663036,59.398017,-0.67285,0.01422
6E5,1499097611.904,24.663036,59.398017,-0.673014,0.01448
6E5,1499097612.025,24.663036,59.398017,-0.673762,0.015237
6E5,1499097612.050,24.663036,59.398017,-0.673511,0.01548
6E5,1499097612.584,24.663034,59.398018,-0.673924,0.013938
6E5,1499097612.660,24.663033,59.398018,-0.676218,0.013744
6E5,1499097612.927,24.663033,59.398019,-0.675781,0.014422
6E5,1499097613.500,24.663033,59.398019,-0.674627,0.005441
6E5,1499097614.320,24.663034,59.398018,-0.67465,0.005453
6E5,1499097614.695,24.663032,59.398017,-0.674656,0.005453
6E5,1499097615.449,24.663032,59.398017,-0.67466,0.005453
6E5,1499097619.484,24.663034,59.398018,-0.674663,0.005453
6E5,1499097623.416,24.663036,59.398015,-0.674665,0.005454
6E5,1499097627.456,24.663036,59.398015,-0.674662,0.005453
6E5,1499097631.512,24.663035,59.398014,-0.67466,0.005453
6E5,1499097635.561,24.663033,59.398014,-0.674658,0.005453
6E5,1499097639.572,24.663033,59.398014,-0.67466,0.005453
6E5,1499097643.550,24.663033,59.398014,-0.674667,0.005454
6E5,1499097647.523,24.663033,59.398014,-0.674661,0.005453
6E5,1499097648.423,24.663033,59.398014,-0.674662,0.005453
6E5,1499097648.955,24.663033,59.398014,-0.657499,0.011896
6E5,1499097649.387,24.663031,59.398016,-0.618999,0.022873
6E5,1499097650.024,24.663022,59.398022,-0.610815,0.029007
6E5,1499097650.504,24.663011,59.39803,-0.612644,0.029497
6E5,1499097651.024,24.663004,59.398035,-0.615279,0.029606
6E5,1499097651.545,24.662994,59.398042,-0.611993,0.029728
6E5,1499097652.092,24.662984,59.39805,-0.616616,0.030564
6E5,1499097652.585,24.662978,59.398054,-0.614871,0.031532
6E5,1499097652.832,24.662971,59.398059,-0.611838,0.032663
6E5,1499097653.400,24.662964,59.398064,-0.594949,0.035579
6E5,1499097653.942,24.662955,59.398071,-0.580705,0.032367
6E5,1499097654.413,24.662949,59.398076,-0.596642,0.029132
6E5,1499097654.967,24.662939,59.398083,-0.608879,0.026614
6E5,1499097655.443,24.662933,59.398087,-0.591809,0.027414
6E5,1499097656.008,24.662923,59.398095,-0.582565,0.027437
6E5,1499097656.012,24.66292,59.398097,-0.581338,0.03088
6E5,1499097656.589,24.662914,59.398102,-0.559806,0.030747
6E5,1499097657.132,24.662904,59.39811,-0.543867,0.027299
6E5,1499097657.646,24.662898,59.398115,-0.53459,0.025236
6E5,1499097658.137,24.66289,59.398122,-0.528942,0.026221
6E5,1499097658.601,24.662881,59.39813,-0.530257,0.02743
6E5,1499097659.157,24.662875,59.398135,-0.53053,0.028107
6E5,1499097659.562,24.662866,59.39814,-0.53213,0.026328
6E5,1499097660.132,24.662859,59.398148,-0.528635,0.026435
6E5,1499097660.624,24.662855,59.398153,-0.526452,0.026602
6E5,1499097661.178,24.662847,59.39816,-0.527681,0.027806
6E5,1499097661.347,24.662844,59.398163,-0.527967,0.032737
6E5,1499097661.871,24.662835,59.39817,-0.52581,0.026237
6E5,1499097662.346,24.662829,59.398175,-0.521029,0.032992
6E5,1499097662.927,24.66282,59.398183,-0.521191,0.028831
6E5,1499097663.442,24.662815,59.398188,-0.518582,0.033512
6E5,1499097663.672,24.662809,59.398193,-0.517752,0.027542
6E5,1499097664.180,24.662803,59.398198,-0.520728,0.034415
6E5,1499097664.773,24.662795,59.398206,-0.524775,0.028091
6E5,1499097665.270,24.662789,59.398211,-0.530514,0.027224
6E5,1499097665.782,24.66278,59.398219,-0.528541,0.028899
6E5,1499097666.254,24.662772,59.398226,-0.529776,0.025248
6E5,1499097666.795,24.662766,59.398231,-0.529437,0.029043
6E5,1499097667.317,24.662757,59.398239,-0.527586,0.029885
6E5,1499097667.794,24.662751,59.398244,-0.528572,0.030799
6E5,1499097668.298,24.662742,59.398251,-0.527816,0.031741
6E5,1499097668.826,24.662734,59.398259,-0.525462,0.02837
6E5,1499097668.876,24.662734,59.398259,-0.525982,0.029285
6E5,1499097669.372,24.662728,59.398264,-0.547667,0.027616
6E5,1499097669.968,24.66272,59.398272,-0.572555,0.034159
6E5,1499097670.447,24.662714,59.398277,-0.585412,0.034959
6E5,1499097671.009,24.662704,59.398284,-0.591774,0.031273
6E5,1499097671.472,24.662694,59.398291,-0.593037,0.030608
6E5,1499097672.060,24.662687,59.398296,-0.593227,0.029987
6E5,1499097672.568,24.662679,59.398303,-0.591296,0.036877
6E5,1499097673.032,24.66267,59.398311,-0.592658,0.030324
6E5,1499097673.571,24.662663,59.398316,-0.593116,0.036961
6E5,1499097673.576,24.662663,59.398316,-0.592411,0.038464
6E5,1499097674.097,24.662653,59.398323,-0.602653,0.029042
6E5,1499097674.598,24.662644,59.39833,-0.60945,0.034934
6E5,1499097675.157,24.662637,59.398335,-0.611303,0.028265
6E5,1499097675.869,24.662627,59.398342,-0.613266,0.027892
6E5,1499097676.191,24.66262,59.398347,-0.613322,0.035108
6E5,1499097676.686,24.66261,59.398355,-0.613869,0.031325
6E5,1499097677.246,24.662603,59.398359,-0.615683,0.029996
6E5,1499097677.738,24.662593,59.398366,-0.613173,0.028779
6E5,1499097678.234,24.662587,59.39837,-0.614921,0.02661
6E5,1499097678.787,24.662579,59.398376,-0.599319,0.026367
6E5,1499097679.350,24.66257,59.398383,-0.587328,0.029347
6E5,1499097679.831,24.662563,59.398388,-0.579723,0.03022
6E5,1499097680.319,24.662553,59.398395,-0.576709,0.031064
6E5,1499097680.828,24.662547,59.3984,-0.574108,0.033673
6E5,1499097681.440,24.662538,59.398408,-0.571876,0.033826
6E5,1499097681.503,24.662535,59.39841,-0.572308,0.033479
6E5,1499097681.687,24.662532,59.398413,-0.56617,0.032045
6E5,1499097682.240,24.662529,59.398417,-0.586242,0.029172
6E5,1499097682.756,24.662523,59.398421,-0.593353,0.024299
6E5,1499097683.236,24.66252,59.398423,-0.59973,0.029749
6E5,1499097683.749,24.662514,59.398427,-0.607248,0.030113
6E5,1499097684.168,24.66251,59.398431,-0.612399,0.02608
6E5,1499097684.658,24.662502,59.398436,-0.609848,0.026822
6E5,1499097685.186,24.662497,59.39844,-0.554645,0.031883
6E5,1499097685.742,24.66249,59.398446,-0.519093,0.032664
6E5,1499097686.273,24.662485,59.398451,-0.503036,0.039569
6E5,1499097686.754,24.662477,59.398459,-0.493583,0.031128
6E5,1499097687.275,24.662468,59.398467,-0.49064,0.033547
6E5,1499097687.797,24.662463,59.398472,-0.489542,0.03148
6E5,1499097688.277,24.662455,59.39848,-0.486673,0.031537
6E5,1499097688.559,24.662452,59.398482,-0.486191,0.03374
6E5,1499097689.155,24.662444,59.39849,-0.491464,0.031699
6E5,1499097689.622,24.662439,59.398495,-0.497208,0.034066
6E5,1499097690.176,24.66243,59.398503,-0.499211,0.027504
6E5,1499097690.642,24.662425,59.398508,-0.501624,0.028931
6E5,1499097691.196,24.662417,59.398516,-0.502194,0.03472
6E5,1499097691.716,24.662408,59.398523,-0.501772,0.03524
6E5,1499097692.122,24.662403,59.398528,-0.500794,0.028621
6E5,1499097692.940,24.662397,59.398534,-0.501083,0.027921
6E5,1499097693.209,24.662389,59.398541,-0.50253,0.027951
6E5,1499097693.693,24.662381,59.398549,-0.501261,0.035112
6E5,1499097693.894,24.662378,59.398552,-0.502149,0.027643
6E5,1499097694.394,24.662371,59.398559,-0.501377,0.027691
6E5,1499097694.999,24.662365,59.398564,-0.498301,0.028772
6E5,1499097695.544,24.662355,59.398571,-0.495305,0.02792
6E5,1499097696.025,24.662349,59.398575,-0.493368,0.026044
6E5,1499097696.556,24.662341,59.398582,-0.500126,0.025546
6E5,1499097697.084,24.662333,59.398589,-0.508484,0.028605
6E5,1499097697.551,24.662329,59.398593,-0.512119,0.029302
6E5,1499097698.154,24.662324,59.398598,-0.518614,0.026679
6E5,1499097698.342,24.662322,59.3986,-0.518009,0.025139
6E5,1499097698.878,24.662316,59.398605,-0.525686,0.024586
6E5,1499097699.349,24.662313,59.398608,-0.53058,0.019658
6E5,1499097699.859,24.662308,59.398612,-0.533507,0.021768
6E5,1499097700.382,24.662306,59.398614,-0.537569,0.019881
6E5,1499097700.935,24.662301,59.398618,-0.541655,0.0195
6E5,1499097701.383,24.662298,59.39862,-0.543495,0.01757
6E5,1499097701.903,24.662294,59.398624,-0.543233,0.019235
6E5,1499097701.954,24.662294,59.398624,-0.543917,0.019515
6E5,1499097702.465,24.662293,59.398625,-0.541578,0.013452
6E5,1499097703.062,24.662293,59.398625,-0.542853,0.004541
6E5,1499097703.402,24.662293,59.398625,-0.542884,0.004542
6E5,1499097703.974,24.662292,59.398625,-0.543019,0.004543
6E5,1499097704.935,24.662292,59.398625,-0.543003,0.004543
6E5,1499097706.562,24.662292,59.398624,-0.542998,0.004543
6E5,1499097707.146,24.662292,59.398624,-0.554463,0.011582
6E5,1499097707.587,24.662289,59.398626,-0.533384,0.023648
6E5,1499097708.157,24.662282,59.398633,-0.531873,0.035074
6E5,1499097708.683,24.662273,59.398642,-0.531235,0.027319
6E5,1499097709.185,24.662268,59.398647,-0.537464,0.033517
6E5,1499097709.715,24.662259,59.398655,-0.533692,0.02756
6E5,1499097710.169,24.662253,59.39866,-0.532975,0.028448
6E5,1499097710.695,24.662244,59.398667,-0.529422,0.023701
6E5,1499097711.254,24.662238,59.398672,-0.532697,0.030292
6E5,1499097711.755,24.66223,59.39868,-0.509956,0.028829
6E5,1499097712.275,24.662221,59.398687,-0.512356,0.029862
6E5,1499097712.784,24.662216,59.398692,-0.516601,0.03259
6E5,1499097713.243,24.662207,59.3987,-0.52112,0.031063
6E5,1499097713.303,24.662207,59.3987,-0.521447,0.031878
6E5,1499097713.874,24.662201,59.398705,-0.52399,0.032534
6E5,1499097714.330,24.662193,59.398713,-0.524903,0.032452
6E5,1499097714.891,24.662184,59.39872,-0.525848,0.032474
6E5,1499097715.356,24.662178,59.398725,-0.527723,0.028212
6E5,1499097715.943,24.66217,59.398733,-0.526069,0.027095
6E5,1499097716.184,24.662167,59.398736,-0.524165,0.028379
6E5,1499097716.724,24.662158,59.398743,-0.522531,0.027349
6E5,1499097717.263,24.662152,59.398748,-0.520264,0.028137
6E5,1499097717.734,24.662144,59.398756,-0.518875,0.031209
6E5,1499097718.295,24.662135,59.398764,-0.519288,0.029762
6E5,1499097718.802,24.66213,59.398769,-0.517184,0.032008
6E5,1499097718.883,24.662127,59.398771,-0.516183,0.026981
6E5,1499097719.394,24.662121,59.398776,-0.517474,0.029055
6E5,1499097720.004,24.662112,59.398784,-0.522939,0.028853
6E5,1499097720.456,24.662107,59.398789,-0.528345,0.029971
6E5,1499097720.944,24.662098,59.398796,-0.530964,0.029575
6E5,1499097721.548,24.662089,59.398804,-0.52991,0.031434
6E5,1499097722.068,24.662083,59.398809,-0.529458,0.032289
6E5,1499097722.531,24.662075,59.398817,-0.528694,0.02965
6E5,1499097723.098,24.662066,59.398824,-0.527132,0.026046
6E5,1499097723.453,24.66206,59.398829,-0.528448,0.029666
6E5,1499097724.016,24.662054,59.398834,-0.532873,0.029361
6E5,1499097724.356,24.662048,59.398839,-0.532976,0.028743
6E5,1499097724.953,24.66204,59.398847,-0.528092,0.028175
6E5,1499097725.451,24.662034,59.398852,-0.527455,0.026976
6E5,1499097725.978,24.662025,59.39886,-0.524315,0.028014
6E5,1499097726.411,24.662019,59.398865,-0.524007,0.028544
6E5,1499097726.896,24.66201,59.398872,-0.523023,0.028439
6E5,1499097727.495,24.662002,59.39888,-0.522584,0.028337
6E5,1499097728.001,24.661996,59.398885,-0.525475,0.027593
6E5,1499097728.523,24.661988,59.398893,-0.524655,0.028536
6E5,1499097728.971,24.661982,59.398898,-0.524675,0.029421
6E5,1499097729.607,24.661973,59.398905,-0.525789,0.031078
6E5,1499097730.090,24.661965,59.398913,-0.525869,0.029362
6E5,1499097730.521,24.661959,59.398918,-0.5233,0.03197
6E5,1499097731.126,24.66195,59.398926,-0.523873,0.031977
6E5,1499097731.644,24.661944,59.398931,-0.524039,0.032871
6E5,1499097731.862,24.661939,59.398936,-0.525802,0.02801
6E5,1499097732.371,24.661933,59.398941,-0.531802,0.029727
6E5,1499097732.932,24.661924,59.398948,-0.536515,0.030077
6E5,1499097733.444,24.661919,59.398953,-0.536456,0.029246
6E5,1499097733.856,24.66191,59.398961,-0.537471,0.033141
6E5,1499097734.331,24.661904,59.398966,-0.541882,0.03255
6E5,1499097734.914,24.661895,59.398974,-0.544278,0.03338
6E5,1499097735.391,24.661889,59.398979,-0.546175,0.029189
6E5,1499097735.882,24.66188,59.398986,-0.544891,0.027733
6E5,1499097736.420,24.661874,59.398991,-0.545755,0.026606
6E5,1499097736.933,24.661865,59.398998,-0.546477,0.028986
6E5,1499097737.460,24.661856,59.399006,-0.546916,0.029737
6E5,1499097737.991,24.66185,59.399011,-0.550529,0.031359
6E5,1499097738.541,24.66184,59.399018,-0.552844,0.035245
6E5,1499097739.051,24.661833,59.399023,-0.552604,0.033751
6E5,1499097739.581,24.661823,59.399029,-0.553919,0.039222
6E5,1499097740.062,24.661819,59.399035,-0.553531,0.041558
6E5,1499097740.569,24.661809,59.399043,-0.55445,0.034869
6E5,1499097740.622,24.661809,59.399043,-0.555105,0.029393
6E5,1499097741.163,24.6618,59.399051,-0.560808,0.029615
6E5,1499097741.720,24.661791,59.399058,-0.562187,0.030371
6E5,1499097742.246,24.661785,59.399063,-0.564081,0.029791
6E5,1499097742.661,24.661777,59.39907,-0.566118,0.03053
6E5,1499097743.230,24.661771,59.399075,-0.561597,0.027919
6E5,1499097743.768,24.661763,59.399083,-0.557617,0.027472
6E5,1499097744.188,24.661757,59.399088,-0.555426,0.028245
6E5,1499097744.837,24.661748,59.399096,-0.550564,0.028149
6E5,1499097745.310,24.661738,59.399103,-0.550202,0.030811
6E5,1499097745.829,24.661732,59.399108,-0.549908,0.029191
6E5,1499097745.928,24.66173,59.399111,-0.549393,0.028862
6E5,1499097746.484,24.661721,59.399118,-0.548068,0.026731
6E5,1499097746.938,24.661714,59.399123,-0.549178,0.027632
6E5,1499097747.001,24.661714,59.399123,-0.549708,0.028438
6E5,1499097747.521,24.661706,59.399131,-0.548235,0.030136
6E5,1499097748.004,24.661699,59.399136,-0.547868,0.031192
6E5,1499097748.550,24.66169,59.399143,-0.549869,0.031318
6E5,1499097749.019,24.661681,59.399151,-0.548923,0.031317
6E5,1499097749.583,24.661676,59.399156,-0.547489,0.031866
6E5,1499097749.946,24.661671,59.39916,-0.547892,0.026379
6E5,1499097750.446,24.661664,59.399166,-0.540171,0.025043
6E5,1499097751.018,24.661659,59.39917,-0.532359,0.028682
6E5,1499097751.451,24.661651,59.399177,-0.528112,0.027064
6E5,1499097752.036,24.661646,59.399181,-0.525965,0.026867
6E5,1499097752.522,24.661638,59.399188,-0.524258,0.028032
6E5,1499097753.016,24.661633,59.399192,-0.524954,0.026692
6E5,1499097753.577,24.661627,59.399198,-0.527479,0.024576
6E5,1499097753.665,24.661625,59.399199,-0.527944,0.021846
6E5,1499097754.221,24.661622,59.399202,-0.538899,0.021826
6E5,1499097754.784,24.661616,59.399207,-0.550529,0.02472
6E5,1499097755.317,24.661608,59.399213,-0.560713,0.031466
6E5,1499097755.841,24.661603,59.399217,-0.568813,0.026163
6E5,1499097755.845,24.661601,59.399219,-0.569648,0.02792
6E5,1499097756.377,24.661597,59.399223,-0.554362,0.022774
6E5,1499097756.908,24.66159,59.399228,-0.539271,0.024429
6E5,1499097757.413,24.661586,59.399232,-0.529774,0.022077
6E5,1499097757.763,24.661582,59.399236,-0.522869,0.021673
6E5,1499097758.339,24.661577,59.39924,-0.525093,0.022182
6E5,1499097758.841,24.661582,59.399237,-0.536965,0.02381
6E5,1499097759.348,24.661578,59.399241,-0.547411,0.021355
6E5,1499097759.462,24.661576,59.399242,-0.550548,0.022959
6E5,1499097760.005,24.661572,59.399243,-0.564992,0.021602
6E5,1499097760.484,24.661564,59.399246,-0.585107,0.023739
6E5,1499097760.991,24.661567,59.399254,-0.60241,0.016612
6E5,1499097761.022,24.661567,59.399255,-0.602071,0.017279
6E5,1499097761.510,24.661566,59.399257,-0.609437,0.010589
6E5,1499097762.089,24.661566,59.399257,-0.61004,0.009851
6E5,1499097762.611,24.661566,59.399256,-0.609847,0.009852
6E5,1499097762.922,24.661566,59.399256,-0.610053,0.010045
6E5,1499097763.459,24.661566,59.399256,-0.610142,0.010058
6E5,1499097765.471,24.661566,59.399256,-0.610105,0.010059
6E5,1499097766.033,24.661567,59.399256,-0.610096,0.010059
6E5,1499097766.571,24.661566,59.399256,-0.572122,0.014776
6E5,1499097767.142,24.661563,59.399259,-0.525977,0.024722
6E5,1499097767.320,24.661561,59.39926,-0.546914,0.030747
6E5,1499097767.521,24.661561,59.39926,-0.557857,0.032627
6E5,1499097768.029,24.661552,59.399267,-0.524547,0.032814
6E5,1499097768.549,24.661544,59.399275,-0.531332,0.02825
6E5,1499097768.969,24.661538,59.399281,-0.528921,0.028225
6E5,1499097769.508,24.661529,59.399289,-0.533236,0.032884
6E5,1499097769.584,24.661529,59.399289,-0.533618,0.031196
6E5,1499097770.181,24.66152,59.399297,-0.530343,0.030438
6E5,1499097770.707,24.661511,59.399304,-0.528362,0.030952
6E5,1499097771.197,24.661506,59.399309,-0.526837,0.031014
6E5,1499097771.718,24.661497,59.399316,-0.525085,0.03159
6E5,1499097771.806,24.661494,59.399319,-0.522615,0.029477
6E5,1499097772.294,24.661488,59.399324,-0.523076,0.029357
6E5,1499097772.893,24.66148,59.399332,-0.524486,0.030123
6E5,1499097773.362,24.661474,59.399337,-0.527533,0.030095
6E5,1499097773.773,24.661468,59.399342,-0.528659,0.027507
6E5,1499097774.302,24.66146,59.399349,-0.526157,0.027467
6E5,1499097774.880,24.661454,59.399355,-0.525189,0.028293
6E5,1499097775.285,24.661445,59.399362,-0.522842,0.029154
6E5,1499097775.516,24.661442,59.399365,-0.523359,0.027846
6E5,1499097776.017,24.661434,59.399372,-0.521578,0.028043
6E5,1499097776.537,24.661428,59.399377,-0.521744,0.029076
6E5,1499097777.168,24.661419,59.399385,-0.520515,0.029781
6E5,1499097777.600,24.661411,59.399392,-0.520491,0.029794
6E5,1499097778.102,24.661405,59.399397,-0.520881,0.030712
6E5,1499097778.717,24.661397,59.399405,-0.519422,0.030692
6E5,1499097779.140,24.661391,59.39941,-0.521528,0.037373
6E5,1499097779.741,24.661382,59.399418,-0.520869,0.03157
6E5,1499097780.229,24.661377,59.399423,-0.52098,0.032084
6E5,1499097780.750,24.661368,59.39943,-0.522433,0.03281
6E5,1499097781.310,24.661359,59.399438,-0.520435,0.0277
6E5,1499097781.860,24.661354,59.399443,-0.520993,0.028518
6E5,1499097782.365,24.661345,59.399451,-0.521262,0.028475
6E5,1499097782.814,24.661337,59.399458,-0.518939,0.035401
6E5,1499097783.347,24.661331,59.399463,-0.519857,0.031676
6E5,1499097783.529,24.661328,59.399466,-0.520504,0.035026
6E5,1499097784.052,24.661322,59.399471,-0.52043,0.032557
6E5,1499097784.563,24.661314,59.399479,-0.520394,0.029268
6E5,1499097785.106,24.661305,59.399486,-0.519944,0.027116
6E5,1499097785.461,24.661302,59.399489,-0.520095,0.030184
6E5,1499097785.988,24.661294,59.399496,-0.519038,0.027493
6E5,1499097786.509,24.661285,59.399504,-0.51911,0.031894
6E5,1499097786.762,24.661282,59.399506,-0.51856,0.033149
6E5,1499097787.293,24.661274,59.399514,-0.521668,0.028917
6E5,1499097787.809,24.661268,59.399519,-0.524625,0.02772
6E5,1499097788.340,24.66126,59.399527,-0.528365,0.028582
6E5,1499097788.834,24.661251,59.399535,-0.528617,0.028819
6E5,1499097789.350,24.661245,59.39954,-0.529364,0.031999
6E5,1499097789.830,24.661236,59.399547,-0.527298,0.030072
6E5,1499097790.353,24.66123,59.399552,-0.52794,0.031002
6E5,1499097790.990,24.661222,59.39956,-0.52961,0.030728
6E5,1499097791.468,24.661216,59.399565,-0.528911,0.031924
6E5,1499097792.012,24.661207,59.399573,-0.529616,0.032655
6E5,1499097792.471,24.661199,59.39958,-0.531241,0.033396
6E5,1499097792.741,24.661196,59.399583,-0.531073,0.033751
6E5,1499097793.288,24.661187,59.39959,-0.531578,0.028619
6E5,1499097793.810,24.661181,59.399595,-0.533984,0.033778
6E5,1499097794.354,24.661173,59.399603,-0.534356,0.034639
6E5,1499097794.836,24.661167,59.399608,-0.533074,0.030617
6E5,1499097795.303,24.661158,59.399615,-0.535271,0.029185
6E5,1499097795.307,24.661158,59.399615,-0.536041,0.030023
6E5,1499097795.913,24.661149,59.399623,-0.541758,0.033044
6E5,1499097796.351,24.661143,59.399628,-0.54629,0.030051
6E5,1499097796.945,24.661134,59.399635,-0.551348,0.030815
6E5,1499097797.426,24.661128,59.39964,-0.552848,0.030757
6E5,1499097797.953,24.661119,59.399648,-0.555803,0.034963
6E5,1499097798.458,24.661113,59.399653,-0.555654,0.032675
6E5,1499097799.026,24.661104,59.39966,-0.556176,0.032844
6E5,1499097799.501,24.661095,59.399668,-0.561961,0.034061
6E5,1499097800.058,24.661089,59.399673,-0.561247,0.027388
6E5,1499097800.574,24.661079,59.39968,-0.559891,0.028245
6E5,1499097801.026,24.66107,59.399688,-0.563244,0.028133
6E5,1499097801.633,24.661064,59.399692,-0.562912,0.028967
6E5,1499097802.147,24.661055,59.3997,-0.564142,0.028956
6E5,1499097802.309,24.661052,59.399702,-0.56612,0.028458
6E5,1499097802.828,24.661042,59.39971,-0.558445,0.03038
6E5,1499097803.334,24.661036,59.399715,-0.553032,0.029325
6E5,1499097803.854,24.661027,59.399722,-0.552868,0.030234
6E5,1499097804.397,24.661021,59.399727,-0.549978,0.030979
6E5,1499097804.896,24.661012,59.399735,-0.550154,0.030969
6E5,1499097805.156,24.661009,59.399737,-0.550446,0.030587
6E5,1499097805.711,24.661,59.399745,-0.554229,0.03146
6E5,1499097806.249,24.660994,59.39975,-0.554523,0.031852
6E5,1499097806.770,24.660985,59.399757,-0.556881,0.030891
6E5,1499097807.289,24.660976,59.399765,-0.558738,0.030641
6E5,1499097807.781,24.66097,59.39977,-0.559516,0.027125
6E5,1499097807.785,24.66097,59.39977,-0.559975,0.028004
6E5,1499097808.290,24.660961,59.399777,-0.550067,0.027966
6E5,1499097808.828,24.660955,59.399782,-0.544097,0.028872
6E5,1499097809.390,24.660946,59.39979,-0.541735,0.029749
6E5,1499097809.869,24.660937,59.399797,-0.537973,0.029575
6E5,1499097810.322,24.660931,59.399802,-0.536411,0.030478
6E5,1499097810.931,24.660922,59.39981,-0.538479,0.031056
6E5,1499097811.371,24.660916,59.399815,-0.538661,0.031041
6E5,1499097811.971,24.660908,59.399822,-0.537679,0.032476
6E5,1499097812.452,24.660901,59.399827,-0.539051,0.031918
6E5,1499097812.942,24.660893,59.399835,-0.539432,0.032784
6E5,1499097813.505,24.660884,59.399843,-0.539265,0.026447
6E5,1499097814.021,24.660878,59.399848,-0.540075,0.026309
6E5,1499097814.461,24.66087,59.399854,-0.535695,0.018957
6E5,1499097814.465,24.66087,59.399854,-0.535303,0.018962
6E5,1499097815.066,24.660869,59.399855,-0.536695,0.009261
6E5,1499097815.523,24.66087,59.399855,-0.53655,0.009265
6E5,1499097815.582,24.66087,59.399855,-0.53655,0.009265
6E5,1499097815.969,24.660871,59.399854,-0.53207,0.010883
6E5,1499097816.541,24.66087,59.399855,-0.536345,0.016315
6E5,1499097817.065,24.660868,59.399856,-0.539718,0.016191
6E5,1499097817.605,24.660864,59.39986,-0.54162,0.019679
6E5,1499097818.092,24.660858,59.399863,-0.54169,0.019454
6E5,1499097818.604,24.660854,59.399867,-0.542457,0.022444
6E5,1499097818.901,24.66085,59.399871,-0.539264,0.025537
6E5,1499097819.409,24.660845,59.399876,-0.539217,0.028053
6E5,1499097819.870,24.660836,59.399883,-0.542982,0.03094
6E5,1499097820.181,24.660833,59.399886,-0.544269,0.03147
6E5,1499097820.749,24.660824,59.399894,-0.535282,0.032287
6E5,1499097821.268,24.660818,59.399899,-0.530266,0.032236
6E5,1499097821.750,24.66081,59.399907,-0.525157,0.031405
6E5,1499097821.779,24.66081,59.399907,-0.52499,0.028778
6E5,1499097822.417,24.660801,59.399914,-0.523927,0.029629
6E5,1499097822.883,24.660795,59.399919,-0.529308,0.027408
6E5,1499097823.369,24.660788,59.399925,-0.534206,0.025506
6E5,1499097823.921,24.660782,59.39993,-0.537337,0.023197
6E5,1499097824.068,24.66078,59.399931,-0.537626,0.021135
6E5,1499097824.560,24.660777,59.399934,-0.544992,0.021626
6E5,1499097825.060,24.660771,59.399939,-0.553306,0.023742
6E5,1499097825.611,24.660767,59.399942,-0.554762,0.028347
6E5,1499097826.133,24.660761,59.399947,-0.561071,0.022906
6E5,1499097826.606,24.660757,59.39995,-0.564443,0.018553
6E5,1499097826.801,24.660757,59.39995,-0.565023,0.019639
6E5,1499097827.341,24.660754,59.399953,-0.565908,0.019423
6E5,1499097827.750,24.660752,59.399955,-0.56141,0.020998
6E5,1499097828.375,24.660746,59.399959,-0.55539,0.021494
6E5,1499097828.892,24.66074,59.399964,-0.551603,0.025678
6E5,1499097829.369,24.660737,59.399967,-0.549362,0.018629
6E5,1499097829.829,24.660733,59.39997,-0.542087,0.02217
6E5,1499097830.435,24.66073,59.399973,-0.532419,0.023325
6E5,1499097830.951,24.660726,59.399976,-0.527459,0.024305
6E5,1499097831.472,24.660724,59.399978,-0.524343,0.019672
6E5,1499097831.991,24.660722,59.39998,-0.522731,0.016201
6E5,1499097832.252,24.660722,59.399981,-0.523221,0.010559
6E5,1499097832.802,24.660722,59.399981,-0.523982,0.010319
6E5,1499097833.123,24.660722,59.399981,-0.523432,0.010325
6E5,1499097833.861,24.660722,59.39998,-0.523433,0.010329
6E5,1499097834.338,24.660722,59.39998,-0.523436,0.010333
6E5,1499097834.820,24.660722,59.39998,-0.523424,0.010333
6E5,1499097835.552,24.660722,59.39998,-0.523426,0.010333
6E5,1499097836.113,24.660722,59.399981,-0.391428,0.014048
6E5,1499097836.628,24.660721,59.399982,-0.561461,0.024096
6E5,1499097837.151,24.660714,59.399988,-0.587522,0.035509
6E5,1499097837.682,24.660703,59.399996,-0.568478,0.028217
6E5,1499097838.197,24.660697,59.400001,-0.550065,0.027646
6E5,1499097838.601,24.660687,59.400009,-0.548788,0.03489
6E5,1499097839.231,24.660682,59.400014,-0.553421,0.028405
6E5,1499097839.672,24.660673,59.400021,-0.535941,0.028344
6E5,1499097840.234,24.660667,59.400026,-0.554773,0.028629
6E5,1499097840.747,24.660658,59.400033,-0.546617,0.024936
6E5,1499097841.272,24.660649,59.400041,-0.542074,0.029509
6E5,1499097841.786,24.660643,59.400046,-0.543955,0.03016
6E5,1499097842.276,24.660634,59.400053,-0.543255,0.029301
6E5,1499097842.697,24.660628,59.400058,-0.533444,0.029934
6E5,1499097843.217,24.660619,59.400066,-0.528806,0.029832
6E5,1499097843.756,24.660613,59.400071,-0.524386,0.03066
6E5,1499097844.229,24.660608,59.400076,-0.52204,0.028916
6E5,1499097844.740,24.660598,59.400083,-0.514394,0.027945
6E5,1499097845.242,24.66059,59.400091,-0.510818,0.02988
6E5,1499097845.737,24.660585,59.400096,-0.507203,0.030856
6E5,1499097846.296,24.660576,59.400104,-0.507141,0.03083
6E5,1499097846.824,24.660571,59.400109,-0.505416,0.031592
6E5,1499097847.098,24.660566,59.400115,-0.505398,0.031968
6E5,1499097847.603,24.66056,59.40012,-0.508821,0.031858
6E5,1499097848.112,24.660551,59.400127,-0.509718,0.027236
6E5,1499097848.647,24.660543,59.400135,-0.509964,0.028083
6E5,1499097849.187,24.660537,59.40014,-0.512585,0.028916
6E5,1499097849.377,24.660534,59.400143,-0.512575,0.027732
6E5,1499097849.871,24.660526,59.40015,-0.512929,0.034462
6E5,1499097850.336,24.66052,59.400155,-0.51272,0.035015
6E5,1499097850.719,24.660514,59.40016,-0.513281,0.030454
6E5,1499097851.282,24.660506,59.400168,-0.509467,0.030835
6E5,1499097851.800,24.6605,59.400173,-0.507535,0.031596
6E5,1499097852.281,24.660492,59.400181,-0.506668,0.032572
6E5,1499097852.521,24.660489,59.400184,-0.506706,0.031119
6E5,1499097853.009,24.660484,59.400189,-0.511452,0.031541
6E5,1499097853.552,24.660475,59.400196,-0.517009,0.031741
6E5,1499097854.088,24.660469,59.400202,-0.521492,0.031298
6E5,1499097854.499,24.660461,59.400209,-0.521055,0.031479
6E5,1499097854.912,24.660455,59.400214,-0.521523,0.028804
6E5,1499097855.433,24.660449,59.400219,-0.517611,0.029819
6E5,1499097855.999,24.660441,59.400227,-0.516628,0.030914
6E5,1499097856.456,24.660433,59.400235,-0.517298,0.030839
6E5,1499097856.806,24.66043,59.400237,-0.517218,0.033573
6E5,1499097857.287,24.66042,59.400245,-0.518041,0.03376
6E5,1499097857.841,24.660413,59.400252,-0.521014,0.033836
6E5,1499097858.333,24.660408,59.400258,-0.520076,0.028588
6E5,1499097858.935,24.660399,59.400265,-0.520768,0.027277
6E5,1499097859.389,24.660393,59.400271,-0.520642,0.031939
6E5,1499097859.929,24.660385,59.400278,-0.517176,0.027185
6E5,1499097860.429,24.660378,59.400283,-0.513273,0.0273
6E5,1499097860.950,24.66037,59.400291,-0.511709,0.028143
6E5,1499097861.441,24.660364,59.400296,-0.510362,0.028872
6E5,1499097861.740,24.660358,59.400301,-0.510527,0.028349
6E5,1499097862.240,24.660349,59.400308,-0.51509,0.02419
6E5,1499097862.808,24.660343,59.400313,-0.516293,0.03085
6E5,1499097863.280,24.660334,59.40032,-0.519245,0.031937
6E5,1499097863.911,24.660326,59.400328,-0.520536,0.030074
6E5,1499097864.359,24.660321,59.400333,-0.51819,0.026272
6E5,1499097864.935,24.660313,59.400342,-0.521642,0.027135
6E5,1499097865.451,24.660307,59.400347,-0.519494,0.027915
6E5,1499097865.921,24.660299,59.400354,-0.517292,0.02873
6E5,1499097865.972,24.660299,59.400354,-0.517195,0.029587
6E5,1499097866.536,24.66029,59.400362,-0.515854,0.029541
6E5,1499097867.052,24.660285,59.400367,-0.515436,0.028561
6E5,1499097867.571,24.660276,59.400375,-0.514038,0.03119
6E5,1499097867.771,24.660273,59.400377,-0.514296,0.030798
6E5,1499097868.252,24.660265,59.400385,-0.514966,0.03087
6E5,1499097868.836,24.660256,59.400392,-0.514204,0.031716
6E5,1499097869.338,24.66025,59.400398,-0.516134,0.03171
6E5,1499097869.891,24.660242,59.400405,-0.515916,0.032474
6E5,1499097870.152,24.660239,59.400408,-0.515072,0.032934
6E5,1499097870.723,24.660231,59.400416,-0.514975,0.028873
6E5,1499097871.182,24.660225,59.400421,-0.514564,0.02875
6E5,1499097871.749,24.660216,59.400428,-0.514342,0.02965
6E5,1499097872.264,24.660211,59.400433,-0.514906,0.034979
6E5,1499097872.269,24.660208,59.400436,-0.514715,0.02782
6E5,1499097872.846,24.660199,59.400444,-0.509978,0.032808
6E5,1499097873.297,24.660194,59.400449,-0.509358,0.03277
6E5,1499097873.897,24.660185,59.400456,-0.510102,0.031968
6E5,1499097874.365,24.660179,59.400462,-0.508688,0.026273
6E5,1499097874.862,24.660171,59.400469,-0.508449,0.031944
6E5,1499097875.389,24.660165,59.400474,-0.516617,0.032582
6E5,1499097875.962,24.660157,59.400482,-0.524071,0.029346
6E5,1499097876.368,24.660151,59.400487,-0.527618,0.033136
6E5,1499097876.922,24.660143,59.400494,-0.529057,0.032788
6E5,1499097877.456,24.660138,59.400498,-0.527785,0.024171
6E5,1499097877.945,24.660132,59.400503,-0.527172,0.022345
6E5,1499097878.231,24.660129,59.400506,-0.527334,0.026163
6E5,1499097878.821,24.660127,59.400509,-0.522392,0.025087
6E5,1499097879.255,24.660122,59.400513,-0.514229,0.030043
6E5,1499097879.777,24.660116,59.400518,-0.508726,0.023396
6E5,1499097879.851,24.660116,59.400518,-0.508622,0.024335
6E5,1499097880.346,24.660113,59.40052,-0.511246,0.019842
6E5,1499097880.867,24.660108,59.400525,-0.52027,0.023117
6E5,1499097881.389,24.660106,59.400527,-0.527914,0.024973
6E5,1499097881.931,24.660103,59.40053,-0.535005,0.02184
6E5,1499097882.149,24.660102,59.40053,-0.533516,0.015592
6E5,1499097882.638,24.660102,59.400531,-0.536413,0.008965
6E5,1499097883.847,24.660102,59.40053,-0.536595,0.009036
6E5,1499097884.186,24.660102,59.40053,-0.536597,0.009036
6E5,1499097884.606,24.660102,59.40053,-0.536728,0.009045
6E5,1499097887.805,24.660102,59.40053,-0.536744,0.009045
6E5,1499097888.300,24.660102,59.40053,-0.518389,0.014584
6E5,1499097888.897,24.660098,59.400534,-0.50006,0.025265
6E5,1499097889.171,24.660095,59.400536,-0.496443,0.030756
6E5,1499097889.174,24.660093,59.400538,-0.514056,0.033363
6E5,1499097889.781,24.660088,59.400543,-0.505351,0.033011
6E5,1499097890.262,24.660079,59.400551,-0.48898,0.033906
6E5,1499097890.804,24.660074,59.400557,-0.489403,0.03403
6E5,1499097890.821,24.660071,59.40056,-0.489616,0.035587
6E5,1499097891.302,24.660065,59.400565,-0.489525,0.037052
6E5,1499097891.916,24.660057,59.400573,-0.486354,0.035402
6E5,1499097891.987,24.660055,59.400575,-0.484248,0.033428
6E5,1499097892.580,24.66005,59.40058,-0.459916,0.028031
6E5,1499097893.027,24.66005,59.400581,-0.454634,0.011082
6E5,1499097893.552,24.66005,59.40058,-0.455507,0.011098
6E5,1499097893.697,24.660051,59.40058,-0.457991,0.01137
6E5,1499097894.232,24.66005,59.40058,-0.465798,0.015614
6E5,1499097894.729,24.660049,59.400581,-0.464589,0.013615
6E5,1499097895.282,24.660046,59.400584,-0.45319,0.016937
6E5,1499097895.799,24.660043,59.400587,-0.461081,0.019544
6E5,1499097896.297,24.660039,59.400591,-0.45243,0.02574
6E5,1499097896.756,24.660035,59.400595,-0.444194,0.027141
6E5,1499097897.296,24.660028,59.400602,-0.460794,0.028596
6E5,1499097897.832,24.660023,59.400607,-0.472537,0.029153
6E5,1499097898.264,24.660015,59.400615,-0.4794,0.034611
6E5,1499097898.799,24.660007,59.400623,-0.483611,0.03695
6E5,1499097899.375,24.660002,59.400628,-0.497227,0.031687
6E5,1499097899.896,24.659994,59.400636,-0.509319,0.03546
6E5,1499097900.317,24.659988,59.400641,-0.516841,0.03269
6E5,1499097900.933,24.65998,59.400649,-0.518606,0.036426
6E5,1499097901.361,24.659974,59.400654,-0.520517,0.031884
6E5,1499097901.984,24.659965,59.400662,-0.521964,0.031794
6E5,1499097902.494,24.659957,59.400669,-0.522579,0.031914
6E5,1499097902.497,24.659957,59.400669,-0.522552,0.033524
6E5,1499097903.058,24.659948,59.400677,-0.523177,0.030216
6E5,1499097903.592,24.659942,59.400682,-0.52305,0.034984
6E5,1499097904.077,24.659933,59.40069,-0.523386,0.031128
6E5,1499097904.660,24.659925,59.400697,-0.523204,0.029181
6E5,1499097905.110,24.659919,59.400702,-0.524136,0.036059
6E5,1499097905.593,24.65991,59.40071,-0.523202,0.033216
6E5,1499097905.805,24.65991,59.40071,-0.523166,0.027495
6E5,1499097906.208,24.659902,59.400717,-0.524152,0.034474
6E5,1499097906.842,24.659896,59.400722,-0.523459,0.034435
6E5,1499097907.350,24.659887,59.40073,-0.525773,0.029619
6E5,1499097907.879,24.659878,59.400738,-0.527475,0.029904
6E5,1499097907.892,24.659878,59.400738,-0.526012,0.033125
6E5,1499097908.518,24.65987,59.400745,-0.523081,0.027534
6E5,1499097908.965,24.659864,59.40075,-0.524905,0.0331
6E5,1499097909.501,24.659855,59.400758,-0.521352,0.032477
6E5,1499097910.057,24.659847,59.400766,-0.520312,0.029698
6E5,1499097910.461,24.659841,59.400771,-0.522709,0.034747
6E5,1499097910.513,24.659841,59.400771,-0.522709,0.034747
6E5,1499097911.077,24.659832,59.400778,-0.52471,0.030398
6E5,1499097911.609,24.659826,59.400783,-0.530123,0.028891
6E5,1499097912.102,24.659818,59.400791,-0.534969,0.031402
6E5,1499097912.620,24.659812,59.400796,-0.536076,0.032534
6E5,1499097913.162,24.659803,59.400803,-0.53911,0.032153
6E5,1499097913.656,24.659794,59.400811,-0.536794,0.032533
6E5,1499097914.180,24.659788,59.400816,-0.536753,0.033071
6E5,1499097914.253,24.659785,59.400818,-0.535374,0.030628
6E5,1499097914.777,24.65978,59.400824,-0.542604,0.030208
6E5,1499097915.321,24.659771,59.400831,-0.547127,0.030602
6E5,1499097915.860,24.659762,59.400839,-0.548791,0.030764
6E5,1499097916.293,24.659756,59.400843,-0.550256,0.033163
6E5,1499097916.849,24.659747,59.400851,-0.551997,0.033938
6E5,1499097917.293,24.659741,59.400856,-0.553398,0.031812
6E5,1499097917.852,24.659731,59.400863,-0.554482,0.031316
6E5,1499097917.901,24.659731,59.400863,-0.554594,0.032898
6E5,1499097918.380,24.659722,59.40087,-0.544067,0.026931
6E5,1499097919.006,24.659717,59.400876,-0.537126,0.034202
6E5,1499097919.488,24.659708,59.400884,-0.531592,0.029687
6E5,1499097920.072,24.659702,59.400889,-0.525772,0.029883
6E5,1499097920.257,24.659695,59.400893,-0.526359,0.0343
6E5,1499097920.770,24.659691,59.400899,-0.543198,0.031132
6E5,1499097921.299,24.659685,59.400907,-0.55367,0.027957
6E5,1499097921.822,24.659678,59.400912,-0.563044,0.028248
6E5,1499097922.306,24.659667,59.400919,-0.565709,0.028246
6E5,1499097922.865,24.659656,59.400925,-0.567463,0.028826
6E5,1499097923.295,24.65965,59.40093,-0.566961,0.026527
6E5,1499097923.299,24.65965,59.40093,-0.566724,0.027976
6E5,1499097923.930,24.659643,59.400936,-0.526674,0.027073
6E5,1499097924.381,24.659638,59.40094,-0.490985,0.027934
6E5,1499097924.962,24.659632,59.400946,-0.466319,0.024937
6E5,1499097925.381,24.659629,59.40095,-0.446425,0.022385
6E5,1499097925.897,24.659625,59.400953,-0.433002,0.018651
6E5,1499097926.412,24.659623,59.400955,-0.367626,0.022066
6E5,1499097926.942,24.65962,59.40096,-0.32557,0.01827
6E5,1499097927.361,24.659617,59.400963,-0.301325,0.02466
6E5,1499097927.943,24.659613,59.400968,-0.288522,0.025945
6E5,1499097928.528,24.659609,59.400974,-0.286284,0.022799
6E5,1499097928.611,24.659609,59.400974,-0.285826,0.020353
6E5,1499097929.164,24.659607,59.400979,-0.203466,0.020222
6E5,1499097929.642,24.659606,59.400982,-0.142261,0.023479
6E5,1499097930.162,24.659605,59.400989,-0.091814,0.024586
6E5,1499097930.231,24.659605,59.400989,-0.090828,0.025762
6E5,1499097930.742,24.659604,59.400994,-0.029261,0.018682
6E5,1499097931.298,24.659605,59.400995,0.065648,0.013818
6E5,1499097931.812,24.659605,59.400995,0.194751,0.018646
6E5,1499097932.302,24.659607,59.400997,0.248511,0.018816
6E5,1499097932.782,24.659609,59.400999,0.295543,0.021875
6E5,1499097933.305,24.659609,59.401003,0.508608,0.018765
6E5,1499097933.856,24.659612,59.401007,0.605077,0.024654
6E5,1499097934.352,24.659617,59.40101,0.675061,0.024859
6E5,1499097934.821,24.659623,59.401015,0.713323,0.025988
6E5,1499097935.314,24.659629,59.401018,0.771329,0.02647
6E5,1499097935.916,24.659639,59.401023,0.79951,0.02776
6E5,1499097936.369,24.659649,59.401027,0.816924,0.030364
6E5,1499097936.962,24.65966,59.401033,0.825752,0.030574
6E5,1499097937.401,24.65967,59.401037,0.831364,0.031331
6E5,1499097937.492,24.659673,59.401039,0.831195,0.032951
6E5,1499097938.021,24.659686,59.401045,0.824609,0.028135
6E5,1499097938.593,24.659694,59.401049,0.817931,0.028649
6E5,1499097939.116,24.659707,59.401055,0.812671,0.030624
6E5,1499097939.589,24.659715,59.401059,0.8096,0.027589
6E5,1499097939.790,24.659719,59.401061,0.810583,0.027988
6E5,1499097940.281,24.659731,59.401067,0.81069,0.027509
6E5,1499097940.753,24.659739,59.401071,0.810242,0.028878
6E5,1499097941.249,24.659751,59.401077,0.811814,0.028871
6E5,1499097941.570,24.659755,59.401079,0.813124,0.028693
6E5,1499097942.163,24.659768,59.401085,0.81564,0.028807
6E5,1499097942.641,24.65978,59.401091,0.815441,0.024025
6E5,1499097943.181,24.65979,59.401109,0.815718,0.02552
6E5,1499097943.616,24.65981,59.401115,0.816571,0.031546
6E5,1499097944.187,24.659819,59.401118,0.813204,0.031198
6E5,1499097944.620,24.65983,59.401123,0.812592,0.031128
6E5,1499097945.192,24.659837,59.401127,0.809269,0.031938
6E5,1499097945.622,24.659849,59.401132,0.809133,0.029381
6E5,1499097945.681,24.659849,59.401132,0.809133,0.029381
6E5,1499097946.239,24.659852,59.401132,0.806138,0.031743
6E5,1499097946.764,24.659861,59.401135,0.807328,0.025006
6E5,1499097947.278,24.659873,59.401142,0.806402,0.025962
6E5,1499097947.779,24.659881,59.401145,0.805968,0.025873
6E5,1499097948.294,24.65989,59.401147,0.803114,0.027065
6E5,1499097948.306,24.65989,59.401147,0.803218,0.028814
6E5,1499097948.923,24.6599,59.40115,0.804123,0.022885
6E5,1499097949.640,24.659907,59.401154,0.804858,0.030453
6E5,1499097949.972,24.659919,59.401157,0.805735,0.031148
6E5,1499097950.374,24.659932,59.401163,0.803514,0.031943
6E5,1499097951.004,24.65994,59.401166,0.800786,0.031906
6E5,1499097951.470,24.659952,59.401172,0.795845,0.03268
6E5,1499097951.520,24.659952,59.401172,0.795482,0.027568
6E5,1499097952.028,24.659964,59.401178,0.797132,0.028693
6E5,1499097952.563,24.659972,59.401181,0.802726,0.028521
6E5,1499097953.031,24.659985,59.401187,0.803663,0.033811
6E5,1499097953.422,24.659993,59.401191,0.802991,0.031404
6E5,1499097954.016,24.660001,59.401195,0.806594,0.032098
6E5,1499097954.501,24.660013,59.401201,0.807724,0.026585
6E5,1499097955.032,24.660021,59.401205,0.804956,0.027319
6E5,1499097955.126,24.660024,59.401207,0.804547,0.024067
6E5,1499097955.722,24.660037,59.401212,0.810863,0.030968
6E5,1499097956.238,24.660045,59.401216,0.813178,0.030254
6E5,1499097956.764,24.660058,59.401222,0.814808,0.030448
6E5,1499097957.265,24.66007,59.401228,0.819315,0.033368
6E5,1499097957.758,24.660076,59.401231,0.817595,0.031751
6E5,1499097958.238,24.660086,59.401236,0.817977,0.038637
6E5,1499097958.308,24.660086,59.401236,0.819877,0.034348
6E5,1499097958.795,24.660097,59.401242,0.818919,0.037565
6E5,1499097959.396,24.660105,59.401246,0.817737,0.031202
6E5,1499097959.856,24.660118,59.401252,0.820418,0.029654
6E5,1499097960.349,24.660126,59.401256,0.820219,0.029608
6E5,1499097960.914,24.660139,59.401261,0.820668,0.03119
6E5,1499097961.482,24.66015,59.401267,0.821158,0.031943
6E5,1499097961.904,24.660158,59.401271,0.820075,0.031108
6E5,1499097962.270,24.660164,59.401274,0.820031,0.029976
6E5,1499097962.869,24.660171,59.401278,0.821097,0.027815
6E5,1499097963.289,24.66018,59.401282,0.816757,0.028733
6E5,1499097963.878,24.660187,59.401287,0.810434,0.028674
6E5,1499097964.071,24.66019,59.401288,0.806102,0.029066
6E5,1499097964.640,24.6602,59.401291,0.806469,0.023029
6E5,1499097965.098,24.660206,59.401294,0.812415,0.026356
6E5,1499097965.596,24.660216,59.401298,0.813147,0.023813
6E5,1499097966.146,24.660222,59.401301,0.815382,0.01815
6E5,1499097966.661,24.660228,59.401304,0.817893,0.019976
6E5,1499097966.722,24.660228,59.401304,0.817893,0.019976
6E5,1499097967.268,24.660232,59.401306,0.819482,0.01982
6E5,1499097967.791,24.660236,59.401308,0.811898,0.022298
6E5,1499097968.282,24.660243,59.401311,0.802659,0.021071
6E5,1499097968.348,24.660243,59.401311,0.794098,0.023979
6E5,1499097968.933,24.66025,59.401314,0.795394,0.018187
6E5,1499097969.386,24.660252,59.401315,0.799069,0.010593
6E5,1499097969.913,24.660252,59.401316,0.800649,0.010626
6E5,1499097970.076,24.660252,59.401316,0.807825,0.011117
6E5,1499097970.637,24.660252,59.401316,0.80584,0.01517
6E5,1499097971.152,24.660254,59.401317,0.806282,0.014592
6E5,1499097971.636,24.66026,59.401316,0.80715,0.017841
6E5,1499097972.133,24.660265,59.401316,0.806262,0.021419
6E5,1499097972.729,24.660278,59.401329,0.800388,0.023589
6E5,1499097973.248,24.660282,59.401332,0.790774,0.024882
6E5,1499097973.743,24.660288,59.401334,0.775256,0.022265
6E5,1499097974.188,24.66029,59.401336,0.767138,0.011399
6E5,1499097974.241,24.660291,59.401336,0.766744,0.011812
6E5,1499097974.716,24.660292,59.401337,0.766542,0.012353
6E5,1499097975.399,24.660292,59.401337,0.766223,0.012364
6E5,1499097975.922,24.660291,59.401337,0.766612,0.012367
6E5,1499097976.465,24.660291,59.401337,0.76648,0.012367
6E5,1499097978.816,24.66029,59.401336,0.76648,0.012367
6E5,1499097979.360,24.66029,59.401336,0.778509,0.016697
6E5,1499097979.883,24.660294,59.401338,0.817541,0.026189
6E5,1499097980.354,24.660299,59.40134,0.801494,0.026554
6E5,1499097980.934,24.660309,59.401345,0.803015,0.028775
6E5,1499097981.440,24.660318,59.401349,0.824948,0.028354
6E5,1499097981.986,24.660332,59.401357,0.796741,0.034344
6E5,1499097982.439,24.660346,59.401364,0.810653,0.029027
6E5,1499097982.650,24.660351,59.401366,0.80558,0.028786
6E5,1499097983.227,24.66036,59.401371,0.807719,0.028706
6E5,1499097983.669,24.660373,59.401377,0.795952,0.028169
6E5,1499097984.261,24.66038,59.401381,0.80862,0.027812
6E5,1499097984.725,24.660392,59.401387,0.806694,0.035198
6E5,1499097985.216,24.660403,59.401393,0.798947,0.030657
6E5,1499097985.730,24.660411,59.401397,0.799224,0.031721
6E5,1499097986.258,24.660423,59.401403,0.805715,0.029329
6E5,1499097986.781,24.66043,59.401407,0.803851,0.025421
6E5,1499097987.259,24.660442,59.401413,0.779764,0.030904
6E5,1499097987.800,24.660454,59.401419,0.807117,0.030747
6E5,1499097988.387,24.660463,59.401423,0.81307,0.027413
6E5,1499097988.820,24.660475,59.401428,0.813252,0.03251
6E5,1499097989.406,24.660483,59.401432,0.808059,0.03326
6E5,1499097989.587,24.660487,59.401434,0.805121,0.027798
6E5,1499097990.168,24.660499,59.40144,0.799087,0.032232
6E5,1499097990.618,24.660508,59.401445,0.808712,0.033401
6E5,1499097991.189,24.660521,59.401451,0.810648,0.035005
6E5,1499097991.686,24.660533,59.401457,0.807056,0.033058
6E5,1499097992.098,24.660542,59.401461,0.803677,0.033633
6E5,1499097992.689,24.660554,59.401467,0.806612,0.03456
6E5,1499097993.163,24.660562,59.401471,0.804815,0.035267
6E5,1499097993.718,24.660575,59.401477,0.808542,0.030836
6E5,1499097994.146,24.660583,59.401481,0.808191,0.03557
6E5,1499097994.678,24.660595,59.401487,0.812341,0.031391
6E5,1499097995.186,24.660604,59.401491,0.810691,0.036546
6E5,1499097995.752,24.660616,59.401498,0.814418,0.036975
6E5,1499097996.255,24.660625,59.401502,0.814559,0.03691
6E5,1499097996.788,24.660637,59.401508,0.813961,0.032686
6E5,1499097996.907,24.660641,59.40151,0.814056,0.031921
6E5,1499097997.469,24.660654,59.401516,0.817128,0.038128
6E5,1499097998.041,24.660662,59.40152,0.82006,0.031542
6E5,1499097998.519,24.660675,59.401526,0.820144,0.033477
6E5,1499097999.081,24.660688,59.401532,0.81701,0.032518
6E5,1499097999.559,24.660696,59.401536,0.814804,0.03866
6E5,1499098000.068,24.660709,59.401542,0.816737,0.03277
6E5,1499098000.100,24.660709,59.401542,0.815591,0.03431
6E5,1499098000.667,24.660722,59.401548,0.823639,0.028004
6E5,1499098001.189,24.66073,59.401552,0.818253,0.028543
6E5,1499098001.667,24.660743,59.401558,0.817443,0.028232
6E5,1499098002.221,24.660751,59.401562,0.818301,0.030069
6E5,1499098002.314,24.660755,59.401564,0.816922,0.027135
6E5,1499098002.933,24.660768,59.40157,0.822617,0.025125
6E5,1499098003.346,24.660776,59.401574,0.83282,0.025024
6E5,1499098003.886,24.660788,59.40158,0.817809,0.025922
6E5,1499098004.387,24.660797,59.401584,0.814463,0.027193
6E5,1499098004.959,24.660809,59.40159,0.809896,0.033408
6E5,1499098005.388,24.660818,59.401594,0.815066,0.028066
6E5,1499098005.927,24.66083,59.4016,0.815649,0.027981
6E5,1499098006.521,24.660843,59.401606,0.82905,0.028851
6E5,1499098006.983,24.660851,59.40161,0.829547,0.029029
6E5,1499098007.541,24.660864,59.401616,0.831502,0.029832
6E5,1499098007.908,24.660873,59.401621,0.833465,0.02715
6E5,1499098008.402,24.660881,59.401625,0.822207,0.027523
6E5,1499098008.970,24.660894,59.401631,0.8117,0.028652
6E5,1499098009.383,24.660902,59.401634,0.814205,0.02873
6E5,1499098009.994,24.660914,59.40164,0.799092,0.029273
6E5,1499098010.474,24.660927,59.401646,0.81305,0.029455
6E5,1499098011.028,24.660935,59.401649,0.80465,0.030165
6E5,1499098011.033,24.660939,59.401651,0.805505,0.031811
6E5,1499098011.591,24.660947,59.401655,0.806712,0.027224
6E5,1499098012.103,24.66096,59.401661,0.808167,0.027426
6E5,1499098012.636,24.660972,59.401668,0.810151,0.028907
6E5,1499098013.096,24.66098,59.401672,0.807856,0.03012
6E5,1499098013.341,24.660984,59.401674,0.805732,0.034801
6E5,1499098013.928,24.660997,59.40168,0.806329,0.026946
6E5,1499098014.407,24.661005,59.401684,0.799289,0.029147
6E5,1499098014.928,24.661017,59.40169,0.806864,0.028939
6E5,1499098015.429,24.66103,59.401696,0.815671,0.030002
6E5,1499098015.906,24.661038,59.4017,0.820211,0.028004
6E5,1499098016.485,24.661051,59.401706,0.820007,0.029763
6E5,1499098016.972,24.661059,59.40171,0.828611,0.029078
6E5,1499098017.498,24.661072,59.401715,0.833576,0.029532
6E5,1499098018.026,24.66108,59.401719,0.835361,0.022544
6E5,1499098018.471,24.661093,59.401725,0.836008,0.03108
6E5,1499098019.032,24.661101,59.401729,0.837369,0.023218
6E5,1499098019.551,24.661114,59.401735,0.836416,0.030994
6E5,1499098020.066,24.661127,59.401741,0.834949,0.023919
6E5,1499098020.589,24.661135,59.401745,0.836487,0.023984
6E5,1499098020.811,24.661144,59.401749,0.834603,0.029152
6E5,1499098021.283,24.661152,59.401753,0.837638,0.02528
6E5,1499098021.910,24.661165,59.401759,0.842097,0.025227
6E5,1499098022.347,24.661173,59.401763,0.838155,0.0262
6E5,1499098022.930,24.661186,59.401768,0.839841,0.0271
6E5,1499098023.151,24.66119,59.40177,0.842431,0.027531
6E5,1499098023.686,24.661202,59.401776,0.841777,0.02749
6E5,1499098024.183,24.66121,59.401781,0.826228,0.028487
6E5,1499098024.631,24.661223,59.401787,0.828087,0.028511
6E5,1499098025.249,24.661235,59.401792,0.821897,0.029492
6E5,1499098025.777,24.661243,59.401796,0.820837,0.029749
6E5,1499098026.236,24.661256,59.401802,0.822105,0.032675
6E5,1499098026.816,24.661265,59.401806,0.816015,0.031312
6E5,1499098027.281,24.661277,59.401812,0.814854,0.031404
6E5,1499098027.849,24.66129,59.401818,0.814695,0.03221
6E5,1499098028.224,24.661298,59.401822,0.810072,0.029649
6E5,1499098028.781,24.661307,59.401826,0.813965,0.029595
6E5,1499098029.170,24.661315,59.40183,0.817726,0.028024
6E5,1499098029.689,24.661327,59.401836,0.81712,0.028619
6E5,1499098030.146,24.661335,59.40184,0.816175,0.027611
6E5,1499098030.703,24.661348,59.401846,0.819911,0.028458
6E5,1499098031.190,24.661361,59.401852,0.820049,0.028429
6E5,1499098031.705,24.661369,59.401856,0.820996,0.02927
6E5,1499098032.257,24.661381,59.401862,0.822423,0.029572
6E5,1499098032.451,24.661381,59.401862,0.820474,0.028366
6E5,1499098032.976,24.661394,59.401868,0.821698,0.028285
6E5,1499098033.503,24.661407,59.401874,0.82276,0.028307
6E5,1499098034.011,24.661415,59.401878,0.823511,0.028405
6E5,1499098034.447,24.661428,59.401884,0.822208,0.030289
6E5,1499098035.038,24.66144,59.40189,0.826266,0.030912
6E5,1499098035.578,24.661448,59.401893,0.827193,0.031606
6E5,1499098036.107,24.66146,59.401899,0.828628,0.031657
6E5,1499098036.279,24.661464,59.401901,0.827212,0.036379
6E5,1499098036.848,24.661473,59.401905,0.827489,0.02947
6E5,1499098037.260,24.661485,59.40191,0.823192,0.031223
6E5,1499098037.888,24.661498,59.401916,0.825222,0.031966
6E5,1499098038.320,24.661506,59.40192,0.820862,0.031975
6E5,1499098038.483,24.66151,59.401922,0.820759,0.030784
6E5,1499098038.989,24.661523,59.401928,0.832888,0.030824
6E5,1499098039.499,24.661531,59.401931,0.840626,0.031519
6E5,1499098040.059,24.66154,59.401936,0.843875,0.028074
6E5,1499098040.489,24.661536,59.401949,0.84477,0.029395
6E5,1499098041.003,24.66154,59.401954,0.850659,0.02824
6E5,1499098041.472,24.661552,59.40196,0.854637,0.027746
6E5,1499098041.641,24.661555,59.401962,0.859618,0.024466
6E5,1499098042.176,24.661579,59.401965,0.850209,0.029704
6E5,1499098042.726,24.66159,59.40197,0.853293,0.029536
6E5,1499098043.144,24.66161,59.401969,0.844337,0.030665
6E5,1499098043.624,24.661616,59.401971,0.859452,0.028738
6E5,1499098044.114,24.661618,59.401971,0.857649,0.026211
6E5,1499098044.659,24.661616,59.401972,0.863642,0.024029
6E5,1499098045.198,24.661617,59.401974,0.878949,0.017894
6E5,1499098045.719,24.661618,59.401975,0.902369,0.01458
6E5,1499098046.047,24.661619,59.401975,0.91084,0.014661
6E5,1499098046.440,24.66162,59.401976,0.906369,0.009342
6E5,1499098046.498,24.66162,59.401976,0.906369,0.009342
6E5,1499098047.107,24.66162,59.401976,0.864608,0.011559
6E5,1499098047.559,24.661621,59.401976,0.823135,0.01656
6E5,1499098048.078,24.661625,59.401977,0.774932,0.018679
6E5,1499098048.607,24.661628,59.401979,0.721649,0.021997
6E5,1499098049.062,24.661634,59.401982,0.720803,0.025827
6E5,1499098049.065,24.661634,59.401982,0.723594,0.02642
6E5,1499098049.692,24.661642,59.401987,0.730122,0.027845
6E5,1499098050.207,24.661647,59.40199,0.737348,0.023068
6E5,1499098050.654,24.661652,59.401993,0.746736,0.023599
6E5,1499098051.184,24.661655,59.401994,0.754332,0.017708
6E5,1499098051.708,24.661655,59.401994,0.755209,0.013229
6E5,1499098052.067,24.661655,59.401994,0.754449,0.013233
6E5,1499098052.606,24.661654,59.401994,0.754442,0.013236
6E5,1499098053.888,24.661653,59.401993,0.754398,0.013235
6E5,1499098053.980,24.661653,59.401993,0.7544,0.013235
6E5,1499098054.597,24.661653,59.401994,0.792837,0.016766
6E5,1499098055.092,24.661658,59.401995,0.809183,0.025805
6E5,1499098055.617,24.661665,59.401998,0.823027,0.036465
6E5,1499098056.039,24.661676,59.402004,0.813565,0.038739
6E5,1499098056.661,24.661689,59.40201,0.81385,0.030591
6E5,1499098057.076,24.661698,59.402014,0.820349,0.030662
6E5,1499098057.691,24.661711,59.402021,0.819569,0.030352
6E5,1499098058.121,24.66172,59.402026,0.816696,0.031006
6E5,1499098058.720,24.661733,59.402033,0.813766,0.02768
6E5,1499098059.067,24.661742,59.402037,0.822195,0.032183
6E5,1499098059.575,24.661749,59.402041,0.793515,0.032109
6E5,1499098060.122,24.66176,59.402047,0.859888,0.030346
6E5,1499098060.640,24.661768,59.40205,0.844427,0.029976
6E5,1499098061.092,24.661779,59.402056,0.820392,0.032005
6E5,1499098061.680,24.661789,59.40206,0.799356,0.032132
6E5,1499098062.203,24.661796,59.402064,0.788157,0.029191
6E5,1499098062.662,24.661804,59.402069,0.798055,0.028055
6E5,1499098063.183,24.66181,59.402072,0.793849,0.028279
6E5,1499098063.366,24.661814,59.402074,0.78886,0.026565
6E5,1499098063.921,24.661825,59.40208,0.792956,0.025578
6E5,1499098064.447,24.661833,59.402084,0.812392,0.027157
6E5,1499098064.883,24.661845,59.40209,0.808418,0.028005
6E5,1499098065.483,24.661858,59.402096,0.81066,0.027881
6E5,1499098065.995,24.661866,59.4021,0.821485,0.028822
6E5,1499098066.519,24.661879,59.402106,0.818504,0.028936
6E5,1499098067.037,24.661887,59.40211,0.823474,0.029702
6E5,1499098067.585,24.6619,59.402116,0.827386,0.029655
6E5,1499098067.771,24.661904,59.402118,0.812969,0.028402
6E5,1499098068.237,24.661915,59.402124,0.824838,0.029312
6E5,1499098068.798,24.661924,59.402128,0.82535,0.030188
6E5,1499098069.359,24.661937,59.402134,0.837124,0.030176
6E5,1499098069.823,24.661945,59.402137,0.831527,0.030976
6E5,1499098070.297,24.661957,59.402144,0.837714,0.031074
6E5,1499098070.859,24.66197,59.402149,0.841298,0.031845
6E5,1499098071.194,24.661978,59.402153,0.837969,0.027467
6E5,1499098071.776,24.661987,59.402157,0.836746,0.029277
6E5,1499098072.276,24.662,59.402162,0.842092,0.030426
6E5,1499098072.367,24.662,59.402162,0.841292,0.026613
6E5,1499098072.943,24.662012,59.402168,0.835187,0.025737
6E5,1499098073.372,24.662019,59.402171,0.82766,0.02778
6E5,1499098073.972,24.662031,59.402177,0.821012,0.028105
6E5,1499098074.485,24.662043,59.402183,0.8158,0.027159
6E5,1499098074.947,24.662052,59.402187,0.813072,0.028126
6E5,1499098075.037,24.662056,59.402189,0.814631,0.025867
6E5,1499098075.598,24.662065,59.402193,0.816654,0.025865
6E5,1499098076.151,24.662077,59.402198,0.815322,0.02729
6E5,1499098076.643,24.66209,59.402205,0.814594,0.029225
6E5,1499098077.191,24.662098,59.402209,0.81625,0.02851
6E5,1499098077.267,24.662102,59.402211,0.810937,0.032625
6E5,1499098077.797,24.662116,59.402217,0.814985,0.030079
6E5,1499098078.351,24.662124,59.402221,0.829827,0.026349
6E5,1499098078.831,24.662137,59.402227,0.831472,0.026322
6E5,1499098079.368,24.662144,59.40223,0.841365,0.027333
6E5,1499098079.871,24.662157,59.402236,0.839784,0.028507
6E5,1499098080.394,24.662165,59.40224,0.839248,0.029544
6E5,1499098080.896,24.662177,59.402246,0.829628,0.032769
6E5,1499098081.173,24.662181,59.402248,0.82679,0.028876
6E5,1499098081.716,24.662194,59.402254,0.816991,0.026375
6E5,1499098082.238,24.662203,59.402258,0.817244,0.02883
6E5,1499098082.672,24.662215,59.402264,0.81581,0.021772
6E5,1499098083.258,24.662227,59.402271,0.827121,0.029669
6E5,1499098083.777,24.662234,59.402276,0.82521,0.027945
6E5,1499098084.361,24.662247,59.402282,0.828348,0.028478
6E5,1499098084.788,24.662249,59.402295,0.834587,0.024519
6E5,1499098085.248,24.662261,59.402305,0.834294,0.02582
6E5,1499098085.340,24.662261,59.402305,0.833866,0.02671
6E5,1499098085.887,24.662273,59.402306,0.8513,0.031021
6E5,1499098086.299,24.662281,59.40231,0.843565,0.034168
6E5,1499098086.927,24.662301,59.402311,0.858352,0.029946
6E5,1499098087.386,24.662311,59.402313,0.877073,0.032918
6E5,1499098087.828,24.662326,59.402317,0.87012,0.031692
6E5,1499098088.311,24.662335,59.40232,0.866749,0.027906
6E5,1499098088.863,24.662349,59.402326,0.862375,0.027996
6E5,1499098088.890,24.662349,59.402326,0.863053,0.029676
6E5,1499098089.372,24.662358,59.402329,0.853343,0.029205
6E5,1499098089.997,24.662372,59.402336,0.854534,0.030031
6E5,1499098090.486,24.662385,59.402342,0.847,0.031594
6E5,1499098091.017,24.662394,59.402345,0.841947,0.032839
6E5,1499098091.443,24.662406,59.402351,0.85239,0.033943
6E5,1499098092.016,24.662415,59.402355,0.840397,0.034939
6E5,1499098092.542,24.662427,59.40236,0.824697,0.035654
6E5,1499098093.029,24.66244,59.402367,0.82717,0.03313
6E5,1499098093.539,24.662448,59.402371,0.82353,0.03196
6E5,1499098093.647,24.662453,59.402373,0.822974,0.030924
6E5,1499098094.200,24.662462,59.402378,0.833135,0.031107
6E5,1499098094.778,24.662474,59.402383,0.843086,0.025141
6E5,1499098095.226,24.662482,59.402387,0.85735,0.031436
6E5,1499098095.765,24.662496,59.402393,0.862715,0.029961
6E5,1499098096.297,24.66251,59.402398,0.863952,0.031584
6E5,1499098096.776,24.662519,59.402403,0.858701,0.030021
6E5,1499098096.924,24.662523,59.402405,0.870599,0.027912
6E5,1499098097.371,24.662529,59.402408,0.862281,0.021592
6E5,1499098097.922,24.662537,59.40241,0.847745,0.023596
6E5,1499098098.417,24.662542,59.402413,0.840452,0.01447
6E5,1499098098.936,24.662543,59.402413,0.839294,0.011171
6E5,1499098099.166,24.662543,59.402413,0.838146,0.012292
6E5,1499098099.761,24.662543,59.402414,0.835435,0.017368
6E5,1499098100.191,24.662546,59.402416,0.844353,0.019827
6E5,1499098100.245,24.662546,59.402416,0.844353,0.019827
6E5,1499098100.821,24.662549,59.402417,0.831791,0.023394
6E5,1499098101.291,24.662557,59.40242,0.824742,0.023271
6E5,1499098101.861,24.662567,59.402425,0.819326,0.026824
6E5,1499098102.301,24.662574,59.402428,0.817327,0.030037
6E5,1499098102.662,24.662582,59.402432,0.813723,0.031551
6E5,1499098103.172,24.662591,59.402436,0.80486,0.030985
